DateID,Year,Month,Dayweek
1,2024,12,Friday
2,2024,12,Monday
3,2024,12,Saturday
4,2024,12,Sunday
5,2024,12,Thursday
6,2024,12,Tuesday
7,2024,12,Wednesday
8,2024,11,Friday
9,2024,11,Monday
10,2024,11,Saturday
11,2024,11,Sunday
12,2024,11,Thursday
13,2024,11,Tuesday
14,2024,11,Wednesday
15,2024,10,Friday
16,2024,10,Monday
17,2024,10,Saturday
18,2024,10,Sunday
19,2024,10,Thursday
20,2024,10,Tuesday
21,2024,10,Wednesday
22,2024,9,Friday
23,2024,9,Monday
24,2024,9,Saturday
25,2024,9,Sunday
26,2024,9,Thursday
27,2024,9,Tuesday
28,2024,9,Wednesday
29,2024,8,Friday
30,2024,8,Monday
31,2024,8,Saturday
32,2024,8,Sunday
33,2024,8,Thursday
34,2024,8,Tuesday
35,2024,8,Wednesday
36,2024,7,Friday
37,2024,7,Monday
38,2024,7,Saturday
39,2024,7,Sunday
40,2024,7,Thursday
41,2024,7,Tuesday
42,2024,7,Wednesday
43,2024,6,Friday
44,2024,6,Monday
45,2024,6,Saturday
46,2024,6,Sunday
47,2024,6,Thursday
48,2024,6,Tuesday
49,2024,6,Wednesday
50,2024,5,Friday
51,2024,5,Monday
52,2024,5,Saturday
53,2024,5,Sunday
54,2024,5,Thursday
55,2024,5,Tuesday
56,2024,5,Wednesday
57,2024,4,Friday
58,2024,4,Monday
59,2024,4,Saturday
60,2024,4,Sunday
61,2024,4,Thursday
62,2024,4,Tuesday
63,2024,4,Wednesday
64,2024,3,Friday
65,2024,3,Monday
66,2024,3,Saturday
67,2024,3,Sunday
68,2024,3,Thursday
69,2024,3,Tuesday
70,2024,3,Wednesday
71,2024,2,Friday
72,2024,2,Monday
73,2024,2,Saturday
74,2024,2,Sunday
75,2024,2,Thursday
76,2024,2,Tuesday
77,2024,2,Wednesday
78,2024,1,Friday
79,2024,1,Monday
80,2024,1,Saturday
81,2024,1,Sunday
82,2024,1,Thursday
83,2024,1,Tuesday
84,2024,1,Wednesday
85,2023,12,Friday
86,2023,12,Monday
87,2023,12,Saturday
88,2023,12,Sunday
89,2023,12,Thursday
90,2023,12,Tuesday
91,2023,12,Wednesday
92,2023,11,Friday
93,2023,11,Monday
94,2023,11,Saturday
95,2023,11,Sunday
96,2023,11,Thursday
97,2023,11,Tuesday
98,2023,11,Wednesday
99,2023,10,Friday
100,2023,10,Monday
101,2023,10,Saturday
102,2023,10,Sunday
103,2023,10,Thursday
104,2023,10,Tuesday
105,2023,10,Wednesday
106,2023,9,Friday
107,2023,9,Monday
108,2023,9,Saturday
109,2023,9,Sunday
110,2023,9,Thursday
111,2023,9,Tuesday
112,2023,9,Wednesday
113,2023,8,Friday
114,2023,8,Monday
115,2023,8,Saturday
116,2023,8,Sunday
117,2023,8,Thursday
118,2023,8,Tuesday
119,2023,8,Wednesday
120,2023,7,Friday
121,2023,7,Monday
122,2023,7,Saturday
123,2023,7,Sunday
124,2023,7,Thursday
125,2023,7,Tuesday
126,2023,7,Wednesday
127,2023,6,Friday
128,2023,6,Monday
129,2023,6,Saturday
130,2023,6,Sunday
131,2023,6,Thursday
132,2023,6,Tuesday
133,2023,6,Wednesday
134,2023,5,Friday
135,2023,5,Monday
136,2023,5,Saturday
137,2023,5,Sunday
138,2023,5,Thursday
139,2023,5,Tuesday
140,2023,5,Wednesday
141,2023,4,Friday
142,2023,4,Monday
143,2023,4,Saturday
144,2023,4,Sunday
145,2023,4,Thursday
146,2023,4,Tuesday
147,2023,4,Wednesday
148,2023,3,Friday
149,2023,3,Monday
150,2023,3,Saturday
151,2023,3,Sunday
152,2023,3,Thursday
153,2023,3,Tuesday
154,2023,3,Wednesday
155,2023,2,Friday
156,2023,2,Monday
157,2023,2,Saturday
158,2023,2,Sunday
159,2023,2,Thursday
160,2023,2,Tuesday
161,2023,2,Wednesday
162,2023,1,Friday
163,2023,1,Monday
164,2023,1,Saturday
165,2023,1,Sunday
166,2023,1,Thursday
167,2023,1,Tuesday
168,2023,1,Wednesday
169,2022,12,Friday
170,2022,12,Monday
171,2022,12,Saturday
172,2022,12,Sunday
173,2022,12,Thursday
174,2022,12,Tuesday
175,2022,12,Wednesday
176,2022,11,Friday
177,2022,11,Monday
178,2022,11,Saturday
179,2022,11,Sunday
180,2022,11,Thursday
181,2022,11,Tuesday
182,2022,11,Wednesday
183,2022,10,Friday
184,2022,10,Monday
185,2022,10,Saturday
186,2022,10,Sunday
187,2022,10,Thursday
188,2022,10,Tuesday
189,2022,10,Wednesday
190,2022,9,Friday
191,2022,9,Monday
192,2022,9,Saturday
193,2022,9,Sunday
194,2022,9,Thursday
195,2022,9,Tuesday
196,2022,9,Wednesday
197,2022,8,Friday
198,2022,8,Monday
199,2022,8,Saturday
200,2022,8,Sunday
201,2022,8,Thursday
202,2022,8,Tuesday
203,2022,8,Wednesday
204,2022,7,Friday
205,2022,7,Monday
206,2022,7,Saturday
207,2022,7,Sunday
208,2022,7,Thursday
209,2022,7,Tuesday
210,2022,7,Wednesday
211,2022,6,Friday
212,2022,6,Monday
213,2022,6,Saturday
214,2022,6,Sunday
215,2022,6,Thursday
216,2022,6,Tuesday
217,2022,6,Wednesday
218,2022,5,Friday
219,2022,5,Monday
220,2022,5,Saturday
221,2022,5,Sunday
222,2022,5,Thursday
223,2022,5,Tuesday
224,2022,5,Wednesday
225,2022,4,Friday
226,2022,4,Monday
227,2022,4,Saturday
228,2022,4,Sunday
229,2022,4,Thursday
230,2022,4,Tuesday
231,2022,4,Wednesday
232,2022,3,Friday
233,2022,3,Monday
234,2022,3,Saturday
235,2022,3,Sunday
236,2022,3,Thursday
237,2022,3,Tuesday
238,2022,3,Wednesday
239,2022,2,Friday
240,2022,2,Monday
241,2022,2,Saturday
242,2022,2,Sunday
243,2022,2,Thursday
244,2022,2,Tuesday
245,2022,2,Wednesday
246,2022,1,Friday
247,2022,1,Monday
248,2022,1,Saturday
249,2022,1,Sunday
250,2022,1,Thursday
251,2022,1,Tuesday
252,2022,1,Wednesday
253,2021,12,Friday
254,2021,12,Monday
255,2021,12,Saturday
256,2021,12,Sunday
257,2021,12,Thursday
258,2021,12,Tuesday
259,2021,12,Wednesday
260,2021,11,Friday
261,2021,11,Monday
262,2021,11,Saturday
263,2021,11,Sunday
264,2021,11,Thursday
265,2021,11,Tuesday
266,2021,11,Wednesday
267,2021,10,Friday
268,2021,10,Monday
269,2021,10,Saturday
270,2021,10,Sunday
271,2021,10,Thursday
272,2021,10,Tuesday
273,2021,10,Wednesday
274,2021,9,Friday
275,2021,9,Monday
276,2021,9,Saturday
277,2021,9,Sunday
278,2021,9,Thursday
279,2021,9,Tuesday
280,2021,9,Wednesday
281,2021,8,Friday
282,2021,8,Monday
283,2021,8,Saturday
284,2021,8,Sunday
285,2021,8,Thursday
286,2021,8,Tuesday
287,2021,8,Wednesday
288,2021,7,Friday
289,2021,7,Monday
290,2021,7,Saturday
291,2021,7,Sunday
292,2021,7,Thursday
293,2021,7,Tuesday
294,2021,7,Wednesday
295,2021,6,Friday
296,2021,6,Monday
297,2021,6,Saturday
298,2021,6,Sunday
299,2021,6,Thursday
300,2021,6,Tuesday
301,2021,6,Wednesday
302,2021,5,Friday
303,2021,5,Monday
304,2021,5,Saturday
305,2021,5,Sunday
306,2021,5,Thursday
307,2021,5,Tuesday
308,2021,5,Wednesday
309,2021,4,Friday
310,2021,4,Monday
311,2021,4,Saturday
312,2021,4,Sunday
313,2021,4,Thursday
314,2021,4,Tuesday
315,2021,4,Wednesday
316,2021,3,Friday
317,2021,3,Monday
318,2021,3,Saturday
319,2021,3,Sunday
320,2021,3,Thursday
321,2021,3,Tuesday
322,2021,3,Wednesday
323,2021,2,Friday
324,2021,2,Monday
325,2021,2,Saturday
326,2021,2,Sunday
327,2021,2,Thursday
328,2021,2,Tuesday
329,2021,2,Wednesday
330,2021,1,Friday
331,2021,1,Monday
332,2021,1,Saturday
333,2021,1,Sunday
334,2021,1,Thursday
335,2021,1,Tuesday
336,2021,1,Wednesday
337,2020,12,Friday
338,2020,12,Monday
339,2020,12,Saturday
340,2020,12,Sunday
341,2020,12,Thursday
342,2020,12,Tuesday
343,2020,12,Wednesday
344,2020,11,Friday
345,2020,11,Monday
346,2020,11,Saturday
347,2020,11,Sunday
348,2020,11,Thursday
349,2020,11,Tuesday
350,2020,11,Wednesday
351,2020,10,Friday
352,2020,10,Monday
353,2020,10,Saturday
354,2020,10,Sunday
355,2020,10,Thursday
356,2020,10,Tuesday
357,2020,10,Wednesday
358,2020,9,Friday
359,2020,9,Monday
360,2020,9,Saturday
361,2020,9,Sunday
362,2020,9,Thursday
363,2020,9,Tuesday
364,2020,9,Wednesday
365,2020,8,Friday
366,2020,8,Monday
367,2020,8,Saturday
368,2020,8,Sunday
369,2020,8,Thursday
370,2020,8,Tuesday
371,2020,8,Wednesday
372,2020,7,Friday
373,2020,7,Monday
374,2020,7,Saturday
375,2020,7,Sunday
376,2020,7,Thursday
377,2020,7,Tuesday
378,2020,7,Wednesday
379,2020,6,Friday
380,2020,6,Monday
381,2020,6,Saturday
382,2020,6,Sunday
383,2020,6,Thursday
384,2020,6,Tuesday
385,2020,6,Wednesday
386,2020,5,Friday
387,2020,5,Monday
388,2020,5,Saturday
389,2020,5,Sunday
390,2020,5,Thursday
391,2020,5,Tuesday
392,2020,5,Wednesday
393,2020,4,Friday
394,2020,4,Monday
395,2020,4,Saturday
396,2020,4,Sunday
397,2020,4,Thursday
398,2020,4,Tuesday
399,2020,4,Wednesday
400,2020,3,Friday
401,2020,3,Monday
402,2020,3,Saturday
403,2020,3,Sunday
404,2020,3,Thursday
405,2020,3,Tuesday
406,2020,3,Wednesday
407,2020,2,Friday
408,2020,2,Monday
409,2020,2,Saturday
410,2020,2,Sunday
411,2020,2,Thursday
412,2020,2,Tuesday
413,2020,2,Wednesday
414,2020,1,Friday
415,2020,1,Monday
416,2020,1,Saturday
417,2020,1,Sunday
418,2020,1,Thursday
419,2020,1,Tuesday
420,2020,1,Wednesday
421,2019,12,Friday
422,2019,12,Monday
423,2019,12,Saturday
424,2019,12,Sunday
425,2019,12,Thursday
426,2019,12,Tuesday
427,2019,12,Wednesday
428,2019,11,Friday
429,2019,11,Monday
430,2019,11,Saturday
431,2019,11,Sunday
432,2019,11,Thursday
433,2019,11,Tuesday
434,2019,11,Wednesday
435,2019,10,Friday
436,2019,10,Monday
437,2019,10,Saturday
438,2019,10,Sunday
439,2019,10,Thursday
440,2019,10,Tuesday
441,2019,10,Wednesday
442,2019,9,Friday
443,2019,9,Monday
444,2019,9,Saturday
445,2019,9,Sunday
446,2019,9,Thursday
447,2019,9,Tuesday
448,2019,9,Wednesday
449,2019,8,Friday
450,2019,8,Monday
451,2019,8,Saturday
452,2019,8,Sunday
453,2019,8,Thursday
454,2019,8,Tuesday
455,2019,8,Wednesday
456,2019,7,Friday
457,2019,7,Monday
458,2019,7,Saturday
459,2019,7,Sunday
460,2019,7,Thursday
461,2019,7,Tuesday
462,2019,7,Wednesday
463,2019,6,Friday
464,2019,6,Monday
465,2019,6,Saturday
466,2019,6,Sunday
467,2019,6,Thursday
468,2019,6,Tuesday
469,2019,6,Wednesday
470,2019,5,Friday
471,2019,5,Monday
472,2019,5,Saturday
473,2019,5,Sunday
474,2019,5,Thursday
475,2019,5,Tuesday
476,2019,5,Wednesday
477,2019,4,Friday
478,2019,4,Monday
479,2019,4,Saturday
480,2019,4,Sunday
481,2019,4,Thursday
482,2019,4,Tuesday
483,2019,4,Wednesday
484,2019,3,Friday
485,2019,3,Monday
486,2019,3,Saturday
487,2019,3,Sunday
488,2019,3,Thursday
489,2019,3,Tuesday
490,2019,3,Wednesday
491,2019,2,Friday
492,2019,2,Monday
493,2019,2,Saturday
494,2019,2,Sunday
495,2019,2,Thursday
496,2019,2,Tuesday
497,2019,2,Wednesday
498,2019,1,Friday
499,2019,1,Monday
500,2019,1,Saturday
501,2019,1,Sunday
502,2019,1,Thursday
503,2019,1,Tuesday
504,2019,1,Wednesday
505,2018,12,Friday
506,2018,12,Monday
507,2018,12,Saturday
508,2018,12,Sunday
509,2018,12,Thursday
510,2018,12,Tuesday
511,2018,12,Wednesday
512,2018,11,Friday
513,2018,11,Monday
514,2018,11,Saturday
515,2018,11,Sunday
516,2018,11,Thursday
517,2018,11,Tuesday
518,2018,11,Wednesday
519,2018,10,Friday
520,2018,10,Monday
521,2018,10,Saturday
522,2018,10,Sunday
523,2018,10,Thursday
524,2018,10,Tuesday
525,2018,10,Wednesday
526,2018,9,Friday
527,2018,9,Monday
528,2018,9,Saturday
529,2018,9,Sunday
530,2018,9,Thursday
531,2018,9,Tuesday
532,2018,9,Wednesday
533,2018,8,Friday
534,2018,8,Monday
535,2018,8,Saturday
536,2018,8,Sunday
537,2018,8,Thursday
538,2018,8,Tuesday
539,2018,8,Wednesday
540,2018,7,Friday
541,2018,7,Monday
542,2018,7,Saturday
543,2018,7,Sunday
544,2018,7,Thursday
545,2018,7,Tuesday
546,2018,7,Wednesday
547,2018,6,Friday
548,2018,6,Monday
549,2018,6,Saturday
550,2018,6,Sunday
551,2018,6,Thursday
552,2018,6,Tuesday
553,2018,6,Wednesday
554,2018,5,Friday
555,2018,5,Monday
556,2018,5,Saturday
557,2018,5,Sunday
558,2018,5,Thursday
559,2018,5,Tuesday
560,2018,5,Wednesday
561,2018,4,Friday
562,2018,4,Monday
563,2018,4,Saturday
564,2018,4,Sunday
565,2018,4,Thursday
566,2018,4,Tuesday
567,2018,4,Wednesday
568,2018,3,Friday
569,2018,3,Monday
570,2018,3,Saturday
571,2018,3,Sunday
572,2018,3,Thursday
573,2018,3,Tuesday
574,2018,3,Wednesday
575,2018,2,Friday
576,2018,2,Monday
577,2018,2,Saturday
578,2018,2,Sunday
579,2018,2,Thursday
580,2018,2,Tuesday
581,2018,2,Wednesday
582,2018,1,Friday
583,2018,1,Monday
584,2018,1,Saturday
585,2018,1,Sunday
586,2018,1,Thursday
587,2018,1,Tuesday
588,2018,1,Wednesday
589,2017,12,Friday
590,2017,12,Monday
591,2017,12,Saturday
592,2017,12,Sunday
593,2017,12,Thursday
594,2017,12,Tuesday
595,2017,12,Wednesday
596,2017,11,Friday
597,2017,11,Monday
598,2017,11,Saturday
599,2017,11,Sunday
600,2017,11,Thursday
601,2017,11,Tuesday
602,2017,11,Wednesday
603,2017,10,Friday
604,2017,10,Monday
605,2017,10,Saturday
606,2017,10,Sunday
607,2017,10,Thursday
608,2017,10,Tuesday
609,2017,10,Wednesday
610,2017,9,Friday
611,2017,9,Monday
612,2017,9,Saturday
613,2017,9,Sunday
614,2017,9,Thursday
615,2017,9,Tuesday
616,2017,9,Wednesday
617,2017,8,Friday
618,2017,8,Monday
619,2017,8,Saturday
620,2017,8,Sunday
621,2017,8,Thursday
622,2017,8,Tuesday
623,2017,8,Wednesday
624,2017,7,Friday
625,2017,7,Monday
626,2017,7,Saturday
627,2017,7,Sunday
628,2017,7,Thursday
629,2017,7,Tuesday
630,2017,7,Wednesday
631,2017,6,Friday
632,2017,6,Monday
633,2017,6,Saturday
634,2017,6,Sunday
635,2017,6,Thursday
636,2017,6,Tuesday
637,2017,6,Wednesday
638,2017,5,Friday
639,2017,5,Monday
640,2017,5,Saturday
641,2017,5,Sunday
642,2017,5,Thursday
643,2017,5,Tuesday
644,2017,5,Wednesday
645,2017,4,Friday
646,2017,4,Monday
647,2017,4,Saturday
648,2017,4,Sunday
649,2017,4,Thursday
650,2017,4,Tuesday
651,2017,4,Wednesday
652,2017,3,Friday
653,2017,3,Monday
654,2017,3,Saturday
655,2017,3,Sunday
656,2017,3,Thursday
657,2017,3,Tuesday
658,2017,3,Wednesday
659,2017,2,Friday
660,2017,2,Monday
661,2017,2,Saturday
662,2017,2,Sunday
663,2017,2,Thursday
664,2017,2,Tuesday
665,2017,2,Wednesday
666,2017,1,Friday
667,2017,1,Monday
668,2017,1,Saturday
669,2017,1,Sunday
670,2017,1,Thursday
671,2017,1,Tuesday
672,2017,1,Wednesday
673,2016,12,Friday
674,2016,12,Monday
675,2016,12,Saturday
676,2016,12,Sunday
677,2016,12,Thursday
678,2016,12,Tuesday
679,2016,12,Wednesday
680,2016,11,Friday
681,2016,11,Monday
682,2016,11,Saturday
683,2016,11,Sunday
684,2016,11,Thursday
685,2016,11,Tuesday
686,2016,11,Wednesday
687,2016,10,Friday
688,2016,10,Monday
689,2016,10,Saturday
690,2016,10,Sunday
691,2016,10,Thursday
692,2016,10,Tuesday
693,2016,10,Wednesday
694,2016,9,Friday
695,2016,9,Monday
696,2016,9,Saturday
697,2016,9,Sunday
698,2016,9,Thursday
699,2016,9,Tuesday
700,2016,9,Wednesday
701,2016,8,Friday
702,2016,8,Monday
703,2016,8,Saturday
704,2016,8,Sunday
705,2016,8,Thursday
706,2016,8,Tuesday
707,2016,8,Wednesday
708,2016,7,Friday
709,2016,7,Monday
710,2016,7,Saturday
711,2016,7,Sunday
712,2016,7,Thursday
713,2016,7,Tuesday
714,2016,7,Wednesday
715,2016,6,Friday
716,2016,6,Monday
717,2016,6,Saturday
718,2016,6,Sunday
719,2016,6,Thursday
720,2016,6,Tuesday
721,2016,6,Wednesday
722,2016,5,Friday
723,2016,5,Monday
724,2016,5,Saturday
725,2016,5,Sunday
726,2016,5,Thursday
727,2016,5,Tuesday
728,2016,5,Wednesday
729,2016,4,Friday
730,2016,4,Monday
731,2016,4,Saturday
732,2016,4,Sunday
733,2016,4,Thursday
734,2016,4,Tuesday
735,2016,4,Wednesday
736,2016,3,Friday
737,2016,3,Monday
738,2016,3,Saturday
739,2016,3,Sunday
740,2016,3,Thursday
741,2016,3,Tuesday
742,2016,3,Wednesday
743,2016,2,Friday
744,2016,2,Monday
745,2016,2,Saturday
746,2016,2,Sunday
747,2016,2,Thursday
748,2016,2,Tuesday
749,2016,2,Wednesday
750,2016,1,Friday
751,2016,1,Monday
752,2016,1,Saturday
753,2016,1,Sunday
754,2016,1,Thursday
755,2016,1,Tuesday
756,2016,1,Wednesday
757,2015,12,Friday
758,2015,12,Monday
759,2015,12,Saturday
760,2015,12,Sunday
761,2015,12,Thursday
762,2015,12,Tuesday
763,2015,12,Wednesday
764,2015,11,Friday
765,2015,11,Monday
766,2015,11,Saturday
767,2015,11,Sunday
768,2015,11,Thursday
769,2015,11,Tuesday
770,2015,11,Wednesday
771,2015,10,Friday
772,2015,10,Monday
773,2015,10,Saturday
774,2015,10,Sunday
775,2015,10,Thursday
776,2015,10,Tuesday
777,2015,10,Wednesday
778,2015,9,Friday
779,2015,9,Monday
780,2015,9,Saturday
781,2015,9,Sunday
782,2015,9,Thursday
783,2015,9,Tuesday
784,2015,9,Wednesday
785,2015,8,Friday
786,2015,8,Monday
787,2015,8,Saturday
788,2015,8,Sunday
789,2015,8,Thursday
790,2015,8,Tuesday
791,2015,8,Wednesday
792,2015,7,Friday
793,2015,7,Monday
794,2015,7,Saturday
795,2015,7,Sunday
796,2015,7,Thursday
797,2015,7,Tuesday
798,2015,7,Wednesday
799,2015,6,Friday
800,2015,6,Monday
801,2015,6,Saturday
802,2015,6,Sunday
803,2015,6,Thursday
804,2015,6,Tuesday
805,2015,6,Wednesday
806,2015,5,Friday
807,2015,5,Monday
808,2015,5,Saturday
809,2015,5,Sunday
810,2015,5,Thursday
811,2015,5,Tuesday
812,2015,5,Wednesday
813,2015,4,Friday
814,2015,4,Monday
815,2015,4,Saturday
816,2015,4,Sunday
817,2015,4,Thursday
818,2015,4,Tuesday
819,2015,4,Wednesday
820,2015,3,Friday
821,2015,3,Monday
822,2015,3,Saturday
823,2015,3,Sunday
824,2015,3,Thursday
825,2015,3,Tuesday
826,2015,3,Wednesday
827,2015,2,Friday
828,2015,2,Monday
829,2015,2,Saturday
830,2015,2,Sunday
831,2015,2,Thursday
832,2015,2,Tuesday
833,2015,2,Wednesday
834,2015,1,Friday
835,2015,1,Monday
836,2015,1,Saturday
837,2015,1,Sunday
838,2015,1,Thursday
839,2015,1,Tuesday
840,2015,1,Wednesday
841,2014,12,Friday
842,2014,12,Monday
843,2014,12,Saturday
844,2014,12,Sunday
845,2014,12,Thursday
846,2014,12,Tuesday
847,2014,12,Wednesday
848,2014,11,Friday
849,2014,11,Monday
850,2014,11,Saturday
851,2014,11,Sunday
852,2014,11,Thursday
853,2014,11,Tuesday
854,2014,11,Wednesday
855,2014,10,Friday
856,2014,10,Monday
857,2014,10,Saturday
858,2014,10,Sunday
859,2014,10,Thursday
860,2014,10,Tuesday
861,2014,10,Wednesday
862,2014,9,Friday
863,2014,9,Monday
864,2014,9,Saturday
865,2014,9,Sunday
866,2014,9,Thursday
867,2014,9,Tuesday
868,2014,9,Wednesday
869,2014,8,Friday
870,2014,8,Monday
871,2014,8,Saturday
872,2014,8,Sunday
873,2014,8,Thursday
874,2014,8,Tuesday
875,2014,8,Wednesday
876,2014,7,Friday
877,2014,7,Monday
878,2014,7,Saturday
879,2014,7,Sunday
880,2014,7,Thursday
881,2014,7,Tuesday
882,2014,7,Wednesday
883,2014,6,Friday
884,2014,6,Monday
885,2014,6,Saturday
886,2014,6,Sunday
887,2014,6,Thursday
888,2014,6,Tuesday
889,2014,6,Wednesday
890,2014,5,Friday
891,2014,5,Monday
892,2014,5,Saturday
893,2014,5,Sunday
894,2014,5,Thursday
895,2014,5,Tuesday
896,2014,5,Wednesday
897,2014,4,Friday
898,2014,4,Monday
899,2014,4,Saturday
900,2014,4,Sunday
901,2014,4,Thursday
902,2014,4,Tuesday
903,2014,4,Wednesday
904,2014,3,Friday
905,2014,3,Monday
906,2014,3,Saturday
907,2014,3,Sunday
908,2014,3,Thursday
909,2014,3,Tuesday
910,2014,3,Wednesday
911,2014,2,Friday
912,2014,2,Monday
913,2014,2,Saturday
914,2014,2,Sunday
915,2014,2,Thursday
916,2014,2,Tuesday
917,2014,2,Wednesday
918,2014,1,Friday
919,2014,1,Monday
920,2014,1,Saturday
921,2014,1,Sunday
922,2014,1,Thursday
923,2014,1,Tuesday
924,2014,1,Wednesday
925,2013,12,Friday
926,2013,12,Monday
927,2013,12,Saturday
928,2013,12,Sunday
929,2013,12,Thursday
930,2013,12,Tuesday
931,2013,12,Wednesday
932,2013,11,Friday
933,2013,11,Monday
934,2013,11,Saturday
935,2013,11,Sunday
936,2013,11,Thursday
937,2013,11,Tuesday
938,2013,11,Wednesday
939,2013,10,Friday
940,2013,10,Monday
941,2013,10,Saturday
942,2013,10,Sunday
943,2013,10,Thursday
944,2013,10,Tuesday
945,2013,10,Wednesday
946,2013,9,Friday
947,2013,9,Monday
948,2013,9,Saturday
949,2013,9,Sunday
950,2013,9,Thursday
951,2013,9,Tuesday
952,2013,9,Wednesday
953,2013,8,Friday
954,2013,8,Monday
955,2013,8,Saturday
956,2013,8,Sunday
957,2013,8,Thursday
958,2013,8,Tuesday
959,2013,8,Wednesday
960,2013,7,Friday
961,2013,7,Monday
962,2013,7,Saturday
963,2013,7,Sunday
964,2013,7,Thursday
965,2013,7,Tuesday
966,2013,7,Wednesday
967,2013,6,Friday
968,2013,6,Monday
969,2013,6,Saturday
970,2013,6,Sunday
971,2013,6,Thursday
972,2013,6,Tuesday
973,2013,6,Wednesday
974,2013,5,Friday
975,2013,5,Monday
976,2013,5,Saturday
977,2013,5,Sunday
978,2013,5,Thursday
979,2013,5,Tuesday
980,2013,5,Wednesday
981,2013,4,Friday
982,2013,4,Monday
983,2013,4,Saturday
984,2013,4,Sunday
985,2013,4,Thursday
986,2013,4,Tuesday
987,2013,4,Wednesday
988,2013,3,Friday
989,2013,3,Monday
990,2013,3,Saturday
991,2013,3,Sunday
992,2013,3,Thursday
993,2013,3,Tuesday
994,2013,3,Wednesday
995,2013,2,Friday
996,2013,2,Monday
997,2013,2,Saturday
998,2013,2,Sunday
999,2013,2,Thursday
1000,2013,2,Tuesday
1001,2013,2,Wednesday
1002,2013,1,Friday
1003,2013,1,Monday
1004,2013,1,Saturday
1005,2013,1,Sunday
1006,2013,1,Thursday
1007,2013,1,Tuesday
1008,2013,1,Wednesday
1009,2012,12,Friday
1010,2012,12,Monday
1011,2012,12,Saturday
1012,2012,12,Sunday
1013,2012,12,Thursday
1014,2012,12,Tuesday
1015,2012,12,Wednesday
1016,2012,11,Friday
1017,2012,11,Monday
1018,2012,11,Saturday
1019,2012,11,Sunday
1020,2012,11,Thursday
1021,2012,11,Tuesday
1022,2012,11,Wednesday
1023,2012,10,Friday
1024,2012,10,Monday
1025,2012,10,Saturday
1026,2012,10,Sunday
1027,2012,10,Thursday
1028,2012,10,Tuesday
1029,2012,10,Wednesday
1030,2012,9,Friday
1031,2012,9,Monday
1032,2012,9,Saturday
1033,2012,9,Sunday
1034,2012,9,Thursday
1035,2012,9,Tuesday
1036,2012,9,Wednesday
1037,2012,8,Friday
1038,2012,8,Monday
1039,2012,8,Saturday
1040,2012,8,Sunday
1041,2012,8,Thursday
1042,2012,8,Tuesday
1043,2012,8,Wednesday
1044,2012,7,Friday
1045,2012,7,Monday
1046,2012,7,Saturday
1047,2012,7,Sunday
1048,2012,7,Thursday
1049,2012,7,Tuesday
1050,2012,7,Wednesday
1051,2012,6,Friday
1052,2012,6,Monday
1053,2012,6,Saturday
1054,2012,6,Sunday
1055,2012,6,Thursday
1056,2012,6,Tuesday
1057,2012,6,Wednesday
1058,2012,5,Friday
1059,2012,5,Monday
1060,2012,5,Saturday
1061,2012,5,Sunday
1062,2012,5,Thursday
1063,2012,5,Tuesday
1064,2012,5,Wednesday
1065,2012,4,Friday
1066,2012,4,Monday
1067,2012,4,Saturday
1068,2012,4,Sunday
1069,2012,4,Thursday
1070,2012,4,Tuesday
1071,2012,4,Wednesday
1072,2012,3,Friday
1073,2012,3,Monday
1074,2012,3,Saturday
1075,2012,3,Sunday
1076,2012,3,Thursday
1077,2012,3,Tuesday
1078,2012,3,Wednesday
1079,2012,2,Friday
1080,2012,2,Monday
1081,2012,2,Saturday
1082,2012,2,Sunday
1083,2012,2,Thursday
1084,2012,2,Tuesday
1085,2012,2,Wednesday
1086,2012,1,Friday
1087,2012,1,Monday
1088,2012,1,Saturday
1089,2012,1,Sunday
1090,2012,1,Thursday
1091,2012,1,Tuesday
1092,2012,1,Wednesday
1093,2011,12,Friday
1094,2011,12,Monday
1095,2011,12,Saturday
1096,2011,12,Sunday
1097,2011,12,Thursday
1098,2011,12,Tuesday
1099,2011,12,Wednesday
1100,2011,11,Friday
1101,2011,11,Monday
1102,2011,11,Saturday
1103,2011,11,Sunday
1104,2011,11,Thursday
1105,2011,11,Tuesday
1106,2011,11,Wednesday
1107,2011,10,Friday
1108,2011,10,Monday
1109,2011,10,Saturday
1110,2011,10,Sunday
1111,2011,10,Thursday
1112,2011,10,Tuesday
1113,2011,10,Wednesday
1114,2011,9,Friday
1115,2011,9,Monday
1116,2011,9,Saturday
1117,2011,9,Sunday
1118,2011,9,Thursday
1119,2011,9,Tuesday
1120,2011,9,Wednesday
1121,2011,8,Friday
1122,2011,8,Monday
1123,2011,8,Saturday
1124,2011,8,Sunday
1125,2011,8,Thursday
1126,2011,8,Tuesday
1127,2011,8,Wednesday
1128,2011,7,Friday
1129,2011,7,Monday
1130,2011,7,Saturday
1131,2011,7,Sunday
1132,2011,7,Thursday
1133,2011,7,Tuesday
1134,2011,7,Wednesday
1135,2011,6,Friday
1136,2011,6,Monday
1137,2011,6,Saturday
1138,2011,6,Sunday
1139,2011,6,Thursday
1140,2011,6,Tuesday
1141,2011,6,Wednesday
1142,2011,5,Friday
1143,2011,5,Monday
1144,2011,5,Saturday
1145,2011,5,Sunday
1146,2011,5,Thursday
1147,2011,5,Tuesday
1148,2011,5,Wednesday
1149,2011,4,Friday
1150,2011,4,Monday
1151,2011,4,Saturday
1152,2011,4,Sunday
1153,2011,4,Thursday
1154,2011,4,Tuesday
1155,2011,4,Wednesday
1156,2011,3,Friday
1157,2011,3,Monday
1158,2011,3,Saturday
1159,2011,3,Sunday
1160,2011,3,Thursday
1161,2011,3,Tuesday
1162,2011,3,Wednesday
1163,2011,2,Friday
1164,2011,2,Monday
1165,2011,2,Saturday
1166,2011,2,Sunday
1167,2011,2,Thursday
1168,2011,2,Tuesday
1169,2011,2,Wednesday
1170,2011,1,Friday
1171,2011,1,Monday
1172,2011,1,Saturday
1173,2011,1,Sunday
1174,2011,1,Thursday
1175,2011,1,Tuesday
1176,2011,1,Wednesday
1177,2010,12,Friday
1178,2010,12,Monday
1179,2010,12,Saturday
1180,2010,12,Sunday
1181,2010,12,Thursday
1182,2010,12,Tuesday
1183,2010,12,Wednesday
1184,2010,11,Friday
1185,2010,11,Monday
1186,2010,11,Saturday
1187,2010,11,Sunday
1188,2010,11,Thursday
1189,2010,11,Tuesday
1190,2010,11,Wednesday
1191,2010,10,Friday
1192,2010,10,Monday
1193,2010,10,Saturday
1194,2010,10,Sunday
1195,2010,10,Thursday
1196,2010,10,Tuesday
1197,2010,10,Wednesday
1198,2010,9,Friday
1199,2010,9,Monday
1200,2010,9,Saturday
1201,2010,9,Sunday
1202,2010,9,Thursday
1203,2010,9,Tuesday
1204,2010,9,Wednesday
1205,2010,8,Friday
1206,2010,8,Monday
1207,2010,8,Saturday
1208,2010,8,Sunday
1209,2010,8,Thursday
1210,2010,8,Tuesday
1211,2010,8,Wednesday
1212,2010,7,Friday
1213,2010,7,Monday
1214,2010,7,Saturday
1215,2010,7,Sunday
1216,2010,7,Thursday
1217,2010,7,Tuesday
1218,2010,7,Wednesday
1219,2010,6,Friday
1220,2010,6,Monday
1221,2010,6,Saturday
1222,2010,6,Sunday
1223,2010,6,Thursday
1224,2010,6,Tuesday
1225,2010,6,Wednesday
1226,2010,5,Friday
1227,2010,5,Monday
1228,2010,5,Saturday
1229,2010,5,Sunday
1230,2010,5,Thursday
1231,2010,5,Tuesday
1232,2010,5,Wednesday
1233,2010,4,Friday
1234,2010,4,Monday
1235,2010,4,Saturday
1236,2010,4,Sunday
1237,2010,4,Thursday
1238,2010,4,Tuesday
1239,2010,4,Wednesday
1240,2010,3,Friday
1241,2010,3,Monday
1242,2010,3,Saturday
1243,2010,3,Sunday
1244,2010,3,Thursday
1245,2010,3,Tuesday
1246,2010,3,Wednesday
1247,2010,2,Friday
1248,2010,2,Monday
1249,2010,2,Saturday
1250,2010,2,Sunday
1251,2010,2,Thursday
1252,2010,2,Tuesday
1253,2010,2,Wednesday
1254,2010,1,Friday
1255,2010,1,Monday
1256,2010,1,Saturday
1257,2010,1,Sunday
1258,2010,1,Thursday
1259,2010,1,Tuesday
1260,2010,1,Wednesday
1261,2009,12,Friday
1262,2009,12,Monday
1263,2009,12,Saturday
1264,2009,12,Sunday
1265,2009,12,Thursday
1266,2009,12,Tuesday
1267,2009,12,Wednesday
1268,2009,11,Friday
1269,2009,11,Monday
1270,2009,11,Saturday
1271,2009,11,Sunday
1272,2009,11,Thursday
1273,2009,11,Tuesday
1274,2009,11,Wednesday
1275,2009,10,Friday
1276,2009,10,Monday
1277,2009,10,Saturday
1278,2009,10,Sunday
1279,2009,10,Thursday
1280,2009,10,Tuesday
1281,2009,10,Wednesday
1282,2009,9,Friday
1283,2009,9,Monday
1284,2009,9,Saturday
1285,2009,9,Sunday
1286,2009,9,Thursday
1287,2009,9,Tuesday
1288,2009,9,Wednesday
1289,2009,8,Friday
1290,2009,8,Monday
1291,2009,8,Saturday
1292,2009,8,Sunday
1293,2009,8,Thursday
1294,2009,8,Tuesday
1295,2009,8,Wednesday
1296,2009,7,Friday
1297,2009,7,Monday
1298,2009,7,Saturday
1299,2009,7,Sunday
1300,2009,7,Thursday
1301,2009,7,Tuesday
1302,2009,7,Wednesday
1303,2009,6,Friday
1304,2009,6,Monday
1305,2009,6,Saturday
1306,2009,6,Sunday
1307,2009,6,Thursday
1308,2009,6,Tuesday
1309,2009,6,Wednesday
1310,2009,5,Friday
1311,2009,5,Monday
1312,2009,5,Saturday
1313,2009,5,Sunday
1314,2009,5,Thursday
1315,2009,5,Tuesday
1316,2009,5,Wednesday
1317,2009,4,Friday
1318,2009,4,Monday
1319,2009,4,Saturday
1320,2009,4,Sunday
1321,2009,4,Thursday
1322,2009,4,Tuesday
1323,2009,4,Wednesday
1324,2009,3,Friday
1325,2009,3,Monday
1326,2009,3,Saturday
1327,2009,3,Sunday
1328,2009,3,Thursday
1329,2009,3,Tuesday
1330,2009,3,Wednesday
1331,2009,2,Friday
1332,2009,2,Monday
1333,2009,2,Saturday
1334,2009,2,Sunday
1335,2009,2,Thursday
1336,2009,2,Tuesday
1337,2009,2,Wednesday
1338,2009,1,Friday
1339,2009,1,Monday
1340,2009,1,Saturday
1341,2009,1,Sunday
1342,2009,1,Thursday
1343,2009,1,Tuesday
1344,2009,1,Wednesday
1345,2008,12,Friday
1346,2008,12,Monday
1347,2008,12,Saturday
1348,2008,12,Sunday
1349,2008,12,Thursday
1350,2008,12,Tuesday
1351,2008,12,Wednesday
1352,2008,11,Friday
1353,2008,11,Monday
1354,2008,11,Saturday
1355,2008,11,Sunday
1356,2008,11,Thursday
1357,2008,11,Tuesday
1358,2008,11,Wednesday
1359,2008,10,Friday
1360,2008,10,Monday
1361,2008,10,Saturday
1362,2008,10,Sunday
1363,2008,10,Thursday
1364,2008,10,Tuesday
1365,2008,10,Wednesday
1366,2008,9,Friday
1367,2008,9,Monday
1368,2008,9,Saturday
1369,2008,9,Sunday
1370,2008,9,Thursday
1371,2008,9,Tuesday
1372,2008,9,Wednesday
1373,2008,8,Friday
1374,2008,8,Monday
1375,2008,8,Saturday
1376,2008,8,Sunday
1377,2008,8,Thursday
1378,2008,8,Tuesday
1379,2008,8,Wednesday
1380,2008,7,Friday
1381,2008,7,Monday
1382,2008,7,Saturday
1383,2008,7,Sunday
1384,2008,7,Thursday
1385,2008,7,Tuesday
1386,2008,7,Wednesday
1387,2008,6,Friday
1388,2008,6,Monday
1389,2008,6,Saturday
1390,2008,6,Sunday
1391,2008,6,Thursday
1392,2008,6,Tuesday
1393,2008,6,Wednesday
1394,2008,5,Friday
1395,2008,5,Monday
1396,2008,5,Saturday
1397,2008,5,Sunday
1398,2008,5,Thursday
1399,2008,5,Tuesday
1400,2008,5,Wednesday
1401,2008,4,Friday
1402,2008,4,Monday
1403,2008,4,Saturday
1404,2008,4,Sunday
1405,2008,4,Thursday
1406,2008,4,Tuesday
1407,2008,4,Wednesday
1408,2008,3,Friday
1409,2008,3,Monday
1410,2008,3,Saturday
1411,2008,3,Sunday
1412,2008,3,Thursday
1413,2008,3,Tuesday
1414,2008,3,Wednesday
1415,2008,2,Friday
1416,2008,2,Monday
1417,2008,2,Saturday
1418,2008,2,Sunday
1419,2008,2,Thursday
1420,2008,2,Tuesday
1421,2008,2,Wednesday
1422,2008,1,Friday
1423,2008,1,Monday
1424,2008,1,Saturday
1425,2008,1,Sunday
1426,2008,1,Thursday
1427,2008,1,Tuesday
1428,2008,1,Wednesday
1429,2007,12,Friday
1430,2007,12,Monday
1431,2007,12,Saturday
1432,2007,12,Sunday
1433,2007,12,Thursday
1434,2007,12,Tuesday
1435,2007,12,Wednesday
1436,2007,11,Friday
1437,2007,11,Monday
1438,2007,11,Saturday
1439,2007,11,Sunday
1440,2007,11,Thursday
1441,2007,11,Tuesday
1442,2007,11,Wednesday
1443,2007,10,Friday
1444,2007,10,Monday
1445,2007,10,Saturday
1446,2007,10,Sunday
1447,2007,10,Thursday
1448,2007,10,Tuesday
1449,2007,10,Wednesday
1450,2007,9,Friday
1451,2007,9,Monday
1452,2007,9,Saturday
1453,2007,9,Sunday
1454,2007,9,Thursday
1455,2007,9,Tuesday
1456,2007,9,Wednesday
1457,2007,8,Friday
1458,2007,8,Monday
1459,2007,8,Saturday
1460,2007,8,Sunday
1461,2007,8,Thursday
1462,2007,8,Tuesday
1463,2007,8,Wednesday
1464,2007,7,Friday
1465,2007,7,Monday
1466,2007,7,Saturday
1467,2007,7,Sunday
1468,2007,7,Thursday
1469,2007,7,Tuesday
1470,2007,7,Wednesday
1471,2007,6,Friday
1472,2007,6,Monday
1473,2007,6,Saturday
1474,2007,6,Sunday
1475,2007,6,Thursday
1476,2007,6,Tuesday
1477,2007,6,Wednesday
1478,2007,5,Friday
1479,2007,5,Monday
1480,2007,5,Saturday
1481,2007,5,Sunday
1482,2007,5,Thursday
1483,2007,5,Tuesday
1484,2007,5,Wednesday
1485,2007,4,Friday
1486,2007,4,Monday
1487,2007,4,Saturday
1488,2007,4,Sunday
1489,2007,4,Thursday
1490,2007,4,Tuesday
1491,2007,4,Wednesday
1492,2007,3,Friday
1493,2007,3,Monday
1494,2007,3,Saturday
1495,2007,3,Sunday
1496,2007,3,Thursday
1497,2007,3,Tuesday
1498,2007,3,Wednesday
1499,2007,2,Friday
1500,2007,2,Monday
1501,2007,2,Saturday
1502,2007,2,Sunday
1503,2007,2,Thursday
1504,2007,2,Tuesday
1505,2007,2,Wednesday
1506,2007,1,Friday
1507,2007,1,Monday
1508,2007,1,Saturday
1509,2007,1,Sunday
1510,2007,1,Thursday
1511,2007,1,Tuesday
1512,2007,1,Wednesday
1513,2006,12,Friday
1514,2006,12,Monday
1515,2006,12,Saturday
1516,2006,12,Sunday
1517,2006,12,Thursday
1518,2006,12,Tuesday
1519,2006,12,Wednesday
1520,2006,11,Friday
1521,2006,11,Monday
1522,2006,11,Saturday
1523,2006,11,Sunday
1524,2006,11,Thursday
1525,2006,11,Tuesday
1526,2006,11,Wednesday
1527,2006,10,Friday
1528,2006,10,Monday
1529,2006,10,Saturday
1530,2006,10,Sunday
1531,2006,10,Thursday
1532,2006,10,Tuesday
1533,2006,10,Wednesday
1534,2006,9,Friday
1535,2006,9,Monday
1536,2006,9,Saturday
1537,2006,9,Sunday
1538,2006,9,Thursday
1539,2006,9,Tuesday
1540,2006,9,Wednesday
1541,2006,8,Friday
1542,2006,8,Monday
1543,2006,8,Saturday
1544,2006,8,Sunday
1545,2006,8,Thursday
1546,2006,8,Tuesday
1547,2006,8,Wednesday
1548,2006,7,Friday
1549,2006,7,Monday
1550,2006,7,Saturday
1551,2006,7,Sunday
1552,2006,7,Thursday
1553,2006,7,Tuesday
1554,2006,7,Wednesday
1555,2006,6,Friday
1556,2006,6,Monday
1557,2006,6,Saturday
1558,2006,6,Sunday
1559,2006,6,Thursday
1560,2006,6,Tuesday
1561,2006,6,Wednesday
1562,2006,5,Friday
1563,2006,5,Monday
1564,2006,5,Saturday
1565,2006,5,Sunday
1566,2006,5,Thursday
1567,2006,5,Tuesday
1568,2006,5,Wednesday
1569,2006,4,Friday
1570,2006,4,Monday
1571,2006,4,Saturday
1572,2006,4,Sunday
1573,2006,4,Thursday
1574,2006,4,Tuesday
1575,2006,4,Wednesday
1576,2006,3,Friday
1577,2006,3,Monday
1578,2006,3,Saturday
1579,2006,3,Sunday
1580,2006,3,Thursday
1581,2006,3,Tuesday
1582,2006,3,Wednesday
1583,2006,2,Friday
1584,2006,2,Monday
1585,2006,2,Saturday
1586,2006,2,Sunday
1587,2006,2,Thursday
1588,2006,2,Tuesday
1589,2006,2,Wednesday
1590,2006,1,Friday
1591,2006,1,Monday
1592,2006,1,Saturday
1593,2006,1,Sunday
1594,2006,1,Thursday
1595,2006,1,Tuesday
1596,2006,1,Wednesday
1597,2005,12,Friday
1598,2005,12,Monday
1599,2005,12,Saturday
1600,2005,12,Sunday
1601,2005,12,Thursday
1602,2005,12,Tuesday
1603,2005,12,Wednesday
1604,2005,11,Friday
1605,2005,11,Monday
1606,2005,11,Saturday
1607,2005,11,Sunday
1608,2005,11,Thursday
1609,2005,11,Tuesday
1610,2005,11,Wednesday
1611,2005,10,Friday
1612,2005,10,Monday
1613,2005,10,Saturday
1614,2005,10,Sunday
1615,2005,10,Thursday
1616,2005,10,Tuesday
1617,2005,10,Wednesday
1618,2005,9,Friday
1619,2005,9,Monday
1620,2005,9,Saturday
1621,2005,9,Sunday
1622,2005,9,Thursday
1623,2005,9,Tuesday
1624,2005,9,Wednesday
1625,2005,8,Friday
1626,2005,8,Monday
1627,2005,8,Saturday
1628,2005,8,Sunday
1629,2005,8,Thursday
1630,2005,8,Tuesday
1631,2005,8,Wednesday
1632,2005,7,Friday
1633,2005,7,Monday
1634,2005,7,Saturday
1635,2005,7,Sunday
1636,2005,7,Thursday
1637,2005,7,Tuesday
1638,2005,7,Wednesday
1639,2005,6,Friday
1640,2005,6,Monday
1641,2005,6,Saturday
1642,2005,6,Sunday
1643,2005,6,Thursday
1644,2005,6,Tuesday
1645,2005,6,Wednesday
1646,2005,5,Friday
1647,2005,5,Monday
1648,2005,5,Saturday
1649,2005,5,Sunday
1650,2005,5,Thursday
1651,2005,5,Tuesday
1652,2005,5,Wednesday
1653,2005,4,Friday
1654,2005,4,Monday
1655,2005,4,Saturday
1656,2005,4,Sunday
1657,2005,4,Thursday
1658,2005,4,Tuesday
1659,2005,4,Wednesday
1660,2005,3,Friday
1661,2005,3,Monday
1662,2005,3,Saturday
1663,2005,3,Sunday
1664,2005,3,Thursday
1665,2005,3,Tuesday
1666,2005,3,Wednesday
1667,2005,2,Friday
1668,2005,2,Monday
1669,2005,2,Saturday
1670,2005,2,Sunday
1671,2005,2,Thursday
1672,2005,2,Tuesday
1673,2005,2,Wednesday
1674,2005,1,Friday
1675,2005,1,Monday
1676,2005,1,Saturday
1677,2005,1,Sunday
1678,2005,1,Thursday
1679,2005,1,Tuesday
1680,2005,1,Wednesday
1681,2004,12,Friday
1682,2004,12,Monday
1683,2004,12,Saturday
1684,2004,12,Sunday
1685,2004,12,Thursday
1686,2004,12,Tuesday
1687,2004,12,Wednesday
1688,2004,11,Friday
1689,2004,11,Monday
1690,2004,11,Saturday
1691,2004,11,Sunday
1692,2004,11,Thursday
1693,2004,11,Tuesday
1694,2004,11,Wednesday
1695,2004,10,Friday
1696,2004,10,Monday
1697,2004,10,Saturday
1698,2004,10,Sunday
1699,2004,10,Thursday
1700,2004,10,Tuesday
1701,2004,10,Wednesday
1702,2004,9,Friday
1703,2004,9,Monday
1704,2004,9,Saturday
1705,2004,9,Sunday
1706,2004,9,Thursday
1707,2004,9,Tuesday
1708,2004,9,Wednesday
1709,2004,8,Friday
1710,2004,8,Monday
1711,2004,8,Saturday
1712,2004,8,Sunday
1713,2004,8,Thursday
1714,2004,8,Tuesday
1715,2004,8,Wednesday
1716,2004,7,Friday
1717,2004,7,Monday
1718,2004,7,Saturday
1719,2004,7,Sunday
1720,2004,7,Thursday
1721,2004,7,Tuesday
1722,2004,7,Wednesday
1723,2004,6,Friday
1724,2004,6,Monday
1725,2004,6,Saturday
1726,2004,6,Sunday
1727,2004,6,Thursday
1728,2004,6,Tuesday
1729,2004,6,Wednesday
1730,2004,5,Friday
1731,2004,5,Monday
1732,2004,5,Saturday
1733,2004,5,Sunday
1734,2004,5,Thursday
1735,2004,5,Tuesday
1736,2004,5,Wednesday
1737,2004,4,Friday
1738,2004,4,Monday
1739,2004,4,Saturday
1740,2004,4,Sunday
1741,2004,4,Thursday
1742,2004,4,Tuesday
1743,2004,4,Wednesday
1744,2004,3,Friday
1745,2004,3,Monday
1746,2004,3,Saturday
1747,2004,3,Sunday
1748,2004,3,Thursday
1749,2004,3,Tuesday
1750,2004,3,Wednesday
1751,2004,2,Friday
1752,2004,2,Monday
1753,2004,2,Saturday
1754,2004,2,Sunday
1755,2004,2,Thursday
1756,2004,2,Tuesday
1757,2004,2,Wednesday
1758,2004,1,Friday
1759,2004,1,Monday
1760,2004,1,Saturday
1761,2004,1,Sunday
1762,2004,1,Thursday
1763,2004,1,Tuesday
1764,2004,1,Wednesday
1765,2003,12,Friday
1766,2003,12,Monday
1767,2003,12,Saturday
1768,2003,12,Sunday
1769,2003,12,Thursday
1770,2003,12,Tuesday
1771,2003,12,Wednesday
1772,2003,11,Friday
1773,2003,11,Monday
1774,2003,11,Saturday
1775,2003,11,Sunday
1776,2003,11,Thursday
1777,2003,11,Tuesday
1778,2003,11,Wednesday
1779,2003,10,Friday
1780,2003,10,Monday
1781,2003,10,Saturday
1782,2003,10,Sunday
1783,2003,10,Thursday
1784,2003,10,Tuesday
1785,2003,10,Wednesday
1786,2003,9,Friday
1787,2003,9,Monday
1788,2003,9,Saturday
1789,2003,9,Sunday
1790,2003,9,Thursday
1791,2003,9,Tuesday
1792,2003,9,Wednesday
1793,2003,8,Friday
1794,2003,8,Monday
1795,2003,8,Saturday
1796,2003,8,Sunday
1797,2003,8,Thursday
1798,2003,8,Tuesday
1799,2003,8,Wednesday
1800,2003,7,Friday
1801,2003,7,Monday
1802,2003,7,Saturday
1803,2003,7,Sunday
1804,2003,7,Thursday
1805,2003,7,Tuesday
1806,2003,7,Wednesday
1807,2003,6,Friday
1808,2003,6,Monday
1809,2003,6,Saturday
1810,2003,6,Sunday
1811,2003,6,Thursday
1812,2003,6,Tuesday
1813,2003,6,Wednesday
1814,2003,5,Friday
1815,2003,5,Monday
1816,2003,5,Saturday
1817,2003,5,Sunday
1818,2003,5,Thursday
1819,2003,5,Tuesday
1820,2003,5,Wednesday
1821,2003,4,Friday
1822,2003,4,Monday
1823,2003,4,Saturday
1824,2003,4,Sunday
1825,2003,4,Thursday
1826,2003,4,Tuesday
1827,2003,4,Wednesday
1828,2003,3,Friday
1829,2003,3,Monday
1830,2003,3,Saturday
1831,2003,3,Sunday
1832,2003,3,Thursday
1833,2003,3,Tuesday
1834,2003,3,Wednesday
1835,2003,2,Friday
1836,2003,2,Monday
1837,2003,2,Saturday
1838,2003,2,Sunday
1839,2003,2,Thursday
1840,2003,2,Tuesday
1841,2003,2,Wednesday
1842,2003,1,Friday
1843,2003,1,Monday
1844,2003,1,Saturday
1845,2003,1,Sunday
1846,2003,1,Thursday
1847,2003,1,Tuesday
1848,2003,1,Wednesday
1849,2002,12,Friday
1850,2002,12,Monday
1851,2002,12,Saturday
1852,2002,12,Sunday
1853,2002,12,Thursday
1854,2002,12,Tuesday
1855,2002,12,Wednesday
1856,2002,11,Friday
1857,2002,11,Monday
1858,2002,11,Saturday
1859,2002,11,Sunday
1860,2002,11,Thursday
1861,2002,11,Tuesday
1862,2002,11,Wednesday
1863,2002,10,Friday
1864,2002,10,Monday
1865,2002,10,Saturday
1866,2002,10,Sunday
1867,2002,10,Thursday
1868,2002,10,Tuesday
1869,2002,10,Wednesday
1870,2002,9,Friday
1871,2002,9,Monday
1872,2002,9,Saturday
1873,2002,9,Sunday
1874,2002,9,Thursday
1875,2002,9,Tuesday
1876,2002,9,Wednesday
1877,2002,8,Friday
1878,2002,8,Monday
1879,2002,8,Saturday
1880,2002,8,Sunday
1881,2002,8,Thursday
1882,2002,8,Tuesday
1883,2002,8,Wednesday
1884,2002,7,Friday
1885,2002,7,Monday
1886,2002,7,Saturday
1887,2002,7,Sunday
1888,2002,7,Thursday
1889,2002,7,Tuesday
1890,2002,7,Wednesday
1891,2002,6,Friday
1892,2002,6,Monday
1893,2002,6,Saturday
1894,2002,6,Sunday
1895,2002,6,Thursday
1896,2002,6,Tuesday
1897,2002,6,Wednesday
1898,2002,5,Friday
1899,2002,5,Monday
1900,2002,5,Saturday
1901,2002,5,Sunday
1902,2002,5,Thursday
1903,2002,5,Tuesday
1904,2002,5,Wednesday
1905,2002,4,Friday
1906,2002,4,Monday
1907,2002,4,Saturday
1908,2002,4,Sunday
1909,2002,4,Thursday
1910,2002,4,Tuesday
1911,2002,4,Wednesday
1912,2002,3,Friday
1913,2002,3,Monday
1914,2002,3,Saturday
1915,2002,3,Sunday
1916,2002,3,Thursday
1917,2002,3,Tuesday
1918,2002,3,Wednesday
1919,2002,2,Friday
1920,2002,2,Monday
1921,2002,2,Saturday
1922,2002,2,Sunday
1923,2002,2,Thursday
1924,2002,2,Tuesday
1925,2002,2,Wednesday
1926,2002,1,Friday
1927,2002,1,Monday
1928,2002,1,Saturday
1929,2002,1,Sunday
1930,2002,1,Thursday
1931,2002,1,Tuesday
1932,2002,1,Wednesday
1933,2001,12,Friday
1934,2001,12,Monday
1935,2001,12,Saturday
1936,2001,12,Sunday
1937,2001,12,Thursday
1938,2001,12,Tuesday
1939,2001,12,Wednesday
1940,2001,11,Friday
1941,2001,11,Monday
1942,2001,11,Saturday
1943,2001,11,Sunday
1944,2001,11,Thursday
1945,2001,11,Tuesday
1946,2001,11,Wednesday
1947,2001,10,Friday
1948,2001,10,Monday
1949,2001,10,Saturday
1950,2001,10,Sunday
1951,2001,10,Thursday
1952,2001,10,Tuesday
1953,2001,10,Wednesday
1954,2001,9,Friday
1955,2001,9,Monday
1956,2001,9,Saturday
1957,2001,9,Sunday
1958,2001,9,Thursday
1959,2001,9,Tuesday
1960,2001,9,Wednesday
1961,2001,8,Friday
1962,2001,8,Monday
1963,2001,8,Saturday
1964,2001,8,Sunday
1965,2001,8,Thursday
1966,2001,8,Tuesday
1967,2001,8,Wednesday
1968,2001,7,Friday
1969,2001,7,Monday
1970,2001,7,Saturday
1971,2001,7,Sunday
1972,2001,7,Thursday
1973,2001,7,Tuesday
1974,2001,7,Wednesday
1975,2001,6,Friday
1976,2001,6,Monday
1977,2001,6,Saturday
1978,2001,6,Sunday
1979,2001,6,Thursday
1980,2001,6,Tuesday
1981,2001,6,Wednesday
1982,2001,5,Friday
1983,2001,5,Monday
1984,2001,5,Saturday
1985,2001,5,Sunday
1986,2001,5,Thursday
1987,2001,5,Tuesday
1988,2001,5,Wednesday
1989,2001,4,Friday
1990,2001,4,Monday
1991,2001,4,Saturday
1992,2001,4,Sunday
1993,2001,4,Thursday
1994,2001,4,Tuesday
1995,2001,4,Wednesday
1996,2001,3,Friday
1997,2001,3,Monday
1998,2001,3,Saturday
1999,2001,3,Sunday
2000,2001,3,Thursday
2001,2001,3,Tuesday
2002,2001,3,Wednesday
2003,2001,2,Friday
2004,2001,2,Monday
2005,2001,2,Saturday
2006,2001,2,Sunday
2007,2001,2,Thursday
2008,2001,2,Tuesday
2009,2001,2,Wednesday
2010,2001,1,Friday
2011,2001,1,Monday
2012,2001,1,Saturday
2013,2001,1,Sunday
2014,2001,1,Thursday
2015,2001,1,Tuesday
2016,2001,1,Wednesday
2017,2000,12,Friday
2018,2000,12,Monday
2019,2000,12,Saturday
2020,2000,12,Sunday
2021,2000,12,Thursday
2022,2000,12,Tuesday
2023,2000,12,Wednesday
2024,2000,11,Friday
2025,2000,11,Monday
2026,2000,11,Saturday
2027,2000,11,Sunday
2028,2000,11,Thursday
2029,2000,11,Tuesday
2030,2000,11,Wednesday
2031,2000,10,Friday
2032,2000,10,Monday
2033,2000,10,Saturday
2034,2000,10,Sunday
2035,2000,10,Thursday
2036,2000,10,Tuesday
2037,2000,10,Wednesday
2038,2000,9,Friday
2039,2000,9,Monday
2040,2000,9,Saturday
2041,2000,9,Sunday
2042,2000,9,Thursday
2043,2000,9,Tuesday
2044,2000,9,Wednesday
2045,2000,8,Friday
2046,2000,8,Monday
2047,2000,8,Saturday
2048,2000,8,Sunday
2049,2000,8,Thursday
2050,2000,8,Tuesday
2051,2000,8,Wednesday
2052,2000,7,Friday
2053,2000,7,Monday
2054,2000,7,Saturday
2055,2000,7,Sunday
2056,2000,7,Thursday
2057,2000,7,Tuesday
2058,2000,7,Wednesday
2059,2000,6,Friday
2060,2000,6,Monday
2061,2000,6,Saturday
2062,2000,6,Sunday
2063,2000,6,Thursday
2064,2000,6,Tuesday
2065,2000,6,Wednesday
2066,2000,5,Friday
2067,2000,5,Monday
2068,2000,5,Saturday
2069,2000,5,Sunday
2070,2000,5,Thursday
2071,2000,5,Tuesday
2072,2000,5,Wednesday
2073,2000,4,Friday
2074,2000,4,Monday
2075,2000,4,Saturday
2076,2000,4,Sunday
2077,2000,4,Thursday
2078,2000,4,Tuesday
2079,2000,4,Wednesday
2080,2000,3,Friday
2081,2000,3,Monday
2082,2000,3,Saturday
2083,2000,3,Sunday
2084,2000,3,Thursday
2085,2000,3,Tuesday
2086,2000,3,Wednesday
2087,2000,2,Friday
2088,2000,2,Monday
2089,2000,2,Saturday
2090,2000,2,Sunday
2091,2000,2,Thursday
2092,2000,2,Tuesday
2093,2000,2,Wednesday
2094,2000,1,Friday
2095,2000,1,Monday
2096,2000,1,Saturday
2097,2000,1,Sunday
2098,2000,1,Thursday
2099,2000,1,Tuesday
2100,2000,1,Wednesday
2101,1999,12,Friday
2102,1999,12,Monday
2103,1999,12,Saturday
2104,1999,12,Sunday
2105,1999,12,Thursday
2106,1999,12,Tuesday
2107,1999,12,Wednesday
2108,1999,11,Friday
2109,1999,11,Monday
2110,1999,11,Saturday
2111,1999,11,Sunday
2112,1999,11,Thursday
2113,1999,11,Tuesday
2114,1999,11,Wednesday
2115,1999,10,Friday
2116,1999,10,Monday
2117,1999,10,Saturday
2118,1999,10,Sunday
2119,1999,10,Thursday
2120,1999,10,Tuesday
2121,1999,10,Wednesday
2122,1999,9,Friday
2123,1999,9,Monday
2124,1999,9,Saturday
2125,1999,9,Sunday
2126,1999,9,Thursday
2127,1999,9,Tuesday
2128,1999,9,Wednesday
2129,1999,8,Friday
2130,1999,8,Monday
2131,1999,8,Saturday
2132,1999,8,Sunday
2133,1999,8,Thursday
2134,1999,8,Tuesday
2135,1999,8,Wednesday
2136,1999,7,Friday
2137,1999,7,Monday
2138,1999,7,Saturday
2139,1999,7,Sunday
2140,1999,7,Thursday
2141,1999,7,Tuesday
2142,1999,7,Wednesday
2143,1999,6,Friday
2144,1999,6,Monday
2145,1999,6,Saturday
2146,1999,6,Sunday
2147,1999,6,Thursday
2148,1999,6,Tuesday
2149,1999,6,Wednesday
2150,1999,5,Friday
2151,1999,5,Monday
2152,1999,5,Saturday
2153,1999,5,Sunday
2154,1999,5,Thursday
2155,1999,5,Tuesday
2156,1999,5,Wednesday
2157,1999,4,Friday
2158,1999,4,Monday
2159,1999,4,Saturday
2160,1999,4,Sunday
2161,1999,4,Thursday
2162,1999,4,Tuesday
2163,1999,4,Wednesday
2164,1999,3,Friday
2165,1999,3,Monday
2166,1999,3,Saturday
2167,1999,3,Sunday
2168,1999,3,Thursday
2169,1999,3,Tuesday
2170,1999,3,Wednesday
2171,1999,2,Friday
2172,1999,2,Monday
2173,1999,2,Saturday
2174,1999,2,Sunday
2175,1999,2,Thursday
2176,1999,2,Tuesday
2177,1999,2,Wednesday
2178,1999,1,Friday
2179,1999,1,Monday
2180,1999,1,Saturday
2181,1999,1,Sunday
2182,1999,1,Thursday
2183,1999,1,Tuesday
2184,1999,1,Wednesday
2185,1998,12,Friday
2186,1998,12,Monday
2187,1998,12,Saturday
2188,1998,12,Sunday
2189,1998,12,Thursday
2190,1998,12,Tuesday
2191,1998,12,Wednesday
2192,1998,11,Friday
2193,1998,11,Monday
2194,1998,11,Saturday
2195,1998,11,Sunday
2196,1998,11,Thursday
2197,1998,11,Tuesday
2198,1998,11,Wednesday
2199,1998,10,Friday
2200,1998,10,Monday
2201,1998,10,Saturday
2202,1998,10,Sunday
2203,1998,10,Thursday
2204,1998,10,Tuesday
2205,1998,10,Wednesday
2206,1998,9,Friday
2207,1998,9,Monday
2208,1998,9,Saturday
2209,1998,9,Sunday
2210,1998,9,Thursday
2211,1998,9,Tuesday
2212,1998,9,Wednesday
2213,1998,8,Friday
2214,1998,8,Monday
2215,1998,8,Saturday
2216,1998,8,Sunday
2217,1998,8,Thursday
2218,1998,8,Tuesday
2219,1998,8,Wednesday
2220,1998,7,Friday
2221,1998,7,Monday
2222,1998,7,Saturday
2223,1998,7,Sunday
2224,1998,7,Thursday
2225,1998,7,Tuesday
2226,1998,7,Wednesday
2227,1998,6,Friday
2228,1998,6,Monday
2229,1998,6,Saturday
2230,1998,6,Sunday
2231,1998,6,Thursday
2232,1998,6,Tuesday
2233,1998,6,Wednesday
2234,1998,5,Friday
2235,1998,5,Monday
2236,1998,5,Saturday
2237,1998,5,Sunday
2238,1998,5,Thursday
2239,1998,5,Tuesday
2240,1998,5,Wednesday
2241,1998,4,Friday
2242,1998,4,Monday
2243,1998,4,Saturday
2244,1998,4,Sunday
2245,1998,4,Thursday
2246,1998,4,Tuesday
2247,1998,4,Wednesday
2248,1998,3,Friday
2249,1998,3,Monday
2250,1998,3,Saturday
2251,1998,3,Sunday
2252,1998,3,Thursday
2253,1998,3,Tuesday
2254,1998,3,Wednesday
2255,1998,2,Friday
2256,1998,2,Monday
2257,1998,2,Saturday
2258,1998,2,Sunday
2259,1998,2,Thursday
2260,1998,2,Tuesday
2261,1998,2,Wednesday
2262,1998,1,Friday
2263,1998,1,Monday
2264,1998,1,Saturday
2265,1998,1,Sunday
2266,1998,1,Thursday
2267,1998,1,Tuesday
2268,1998,1,Wednesday
2269,1997,12,Friday
2270,1997,12,Monday
2271,1997,12,Saturday
2272,1997,12,Sunday
2273,1997,12,Thursday
2274,1997,12,Tuesday
2275,1997,12,Wednesday
2276,1997,11,Friday
2277,1997,11,Monday
2278,1997,11,Saturday
2279,1997,11,Sunday
2280,1997,11,Thursday
2281,1997,11,Tuesday
2282,1997,11,Wednesday
2283,1997,10,Friday
2284,1997,10,Monday
2285,1997,10,Saturday
2286,1997,10,Sunday
2287,1997,10,Thursday
2288,1997,10,Tuesday
2289,1997,10,Wednesday
2290,1997,9,Friday
2291,1997,9,Monday
2292,1997,9,Saturday
2293,1997,9,Sunday
2294,1997,9,Thursday
2295,1997,9,Tuesday
2296,1997,9,Wednesday
2297,1997,8,Friday
2298,1997,8,Monday
2299,1997,8,Saturday
2300,1997,8,Sunday
2301,1997,8,Thursday
2302,1997,8,Tuesday
2303,1997,8,Wednesday
2304,1997,7,Friday
2305,1997,7,Monday
2306,1997,7,Saturday
2307,1997,7,Sunday
2308,1997,7,Thursday
2309,1997,7,Tuesday
2310,1997,7,Wednesday
2311,1997,6,Friday
2312,1997,6,Monday
2313,1997,6,Saturday
2314,1997,6,Sunday
2315,1997,6,Thursday
2316,1997,6,Tuesday
2317,1997,6,Wednesday
2318,1997,5,Friday
2319,1997,5,Monday
2320,1997,5,Saturday
2321,1997,5,Sunday
2322,1997,5,Thursday
2323,1997,5,Tuesday
2324,1997,5,Wednesday
2325,1997,4,Friday
2326,1997,4,Monday
2327,1997,4,Saturday
2328,1997,4,Sunday
2329,1997,4,Thursday
2330,1997,4,Tuesday
2331,1997,4,Wednesday
2332,1997,3,Friday
2333,1997,3,Monday
2334,1997,3,Saturday
2335,1997,3,Sunday
2336,1997,3,Thursday
2337,1997,3,Tuesday
2338,1997,3,Wednesday
2339,1997,2,Friday
2340,1997,2,Monday
2341,1997,2,Saturday
2342,1997,2,Sunday
2343,1997,2,Thursday
2344,1997,2,Tuesday
2345,1997,2,Wednesday
2346,1997,1,Friday
2347,1997,1,Monday
2348,1997,1,Saturday
2349,1997,1,Sunday
2350,1997,1,Thursday
2351,1997,1,Tuesday
2352,1997,1,Wednesday
2353,1996,12,Friday
2354,1996,12,Monday
2355,1996,12,Saturday
2356,1996,12,Sunday
2357,1996,12,Thursday
2358,1996,12,Tuesday
2359,1996,12,Wednesday
2360,1996,11,Friday
2361,1996,11,Monday
2362,1996,11,Saturday
2363,1996,11,Sunday
2364,1996,11,Thursday
2365,1996,11,Tuesday
2366,1996,11,Wednesday
2367,1996,10,Friday
2368,1996,10,Monday
2369,1996,10,Saturday
2370,1996,10,Sunday
2371,1996,10,Thursday
2372,1996,10,Tuesday
2373,1996,10,Wednesday
2374,1996,9,Friday
2375,1996,9,Monday
2376,1996,9,Saturday
2377,1996,9,Sunday
2378,1996,9,Thursday
2379,1996,9,Tuesday
2380,1996,9,Wednesday
2381,1996,8,Friday
2382,1996,8,Monday
2383,1996,8,Saturday
2384,1996,8,Sunday
2385,1996,8,Thursday
2386,1996,8,Tuesday
2387,1996,8,Wednesday
2388,1996,7,Friday
2389,1996,7,Monday
2390,1996,7,Saturday
2391,1996,7,Sunday
2392,1996,7,Thursday
2393,1996,7,Tuesday
2394,1996,7,Wednesday
2395,1996,6,Friday
2396,1996,6,Monday
2397,1996,6,Saturday
2398,1996,6,Sunday
2399,1996,6,Thursday
2400,1996,6,Tuesday
2401,1996,6,Wednesday
2402,1996,5,Friday
2403,1996,5,Monday
2404,1996,5,Saturday
2405,1996,5,Sunday
2406,1996,5,Thursday
2407,1996,5,Tuesday
2408,1996,5,Wednesday
2409,1996,4,Friday
2410,1996,4,Monday
2411,1996,4,Saturday
2412,1996,4,Sunday
2413,1996,4,Thursday
2414,1996,4,Tuesday
2415,1996,4,Wednesday
2416,1996,3,Friday
2417,1996,3,Monday
2418,1996,3,Saturday
2419,1996,3,Sunday
2420,1996,3,Thursday
2421,1996,3,Tuesday
2422,1996,3,Wednesday
2423,1996,2,Friday
2424,1996,2,Monday
2425,1996,2,Saturday
2426,1996,2,Sunday
2427,1996,2,Thursday
2428,1996,2,Tuesday
2429,1996,2,Wednesday
2430,1996,1,Friday
2431,1996,1,Monday
2432,1996,1,Saturday
2433,1996,1,Sunday
2434,1996,1,Thursday
2435,1996,1,Tuesday
2436,1996,1,Wednesday
2437,1995,12,Friday
2438,1995,12,Monday
2439,1995,12,Saturday
2440,1995,12,Sunday
2441,1995,12,Thursday
2442,1995,12,Tuesday
2443,1995,12,Wednesday
2444,1995,11,Friday
2445,1995,11,Monday
2446,1995,11,Saturday
2447,1995,11,Sunday
2448,1995,11,Thursday
2449,1995,11,Tuesday
2450,1995,11,Wednesday
2451,1995,10,Friday
2452,1995,10,Monday
2453,1995,10,Saturday
2454,1995,10,Sunday
2455,1995,10,Thursday
2456,1995,10,Tuesday
2457,1995,10,Wednesday
2458,1995,9,Friday
2459,1995,9,Monday
2460,1995,9,Saturday
2461,1995,9,Sunday
2462,1995,9,Thursday
2463,1995,9,Tuesday
2464,1995,9,Wednesday
2465,1995,8,Friday
2466,1995,8,Monday
2467,1995,8,Saturday
2468,1995,8,Sunday
2469,1995,8,Thursday
2470,1995,8,Tuesday
2471,1995,8,Wednesday
2472,1995,7,Friday
2473,1995,7,Monday
2474,1995,7,Saturday
2475,1995,7,Sunday
2476,1995,7,Thursday
2477,1995,7,Tuesday
2478,1995,7,Wednesday
2479,1995,6,Friday
2480,1995,6,Monday
2481,1995,6,Saturday
2482,1995,6,Sunday
2483,1995,6,Thursday
2484,1995,6,Tuesday
2485,1995,6,Wednesday
2486,1995,5,Friday
2487,1995,5,Monday
2488,1995,5,Saturday
2489,1995,5,Sunday
2490,1995,5,Thursday
2491,1995,5,Tuesday
2492,1995,5,Wednesday
2493,1995,4,Friday
2494,1995,4,Monday
2495,1995,4,Saturday
2496,1995,4,Sunday
2497,1995,4,Thursday
2498,1995,4,Tuesday
2499,1995,4,Wednesday
2500,1995,3,Friday
2501,1995,3,Monday
2502,1995,3,Saturday
2503,1995,3,Sunday
2504,1995,3,Thursday
2505,1995,3,Tuesday
2506,1995,3,Wednesday
2507,1995,2,Friday
2508,1995,2,Monday
2509,1995,2,Saturday
2510,1995,2,Sunday
2511,1995,2,Thursday
2512,1995,2,Tuesday
2513,1995,2,Wednesday
2514,1995,1,Friday
2515,1995,1,Monday
2516,1995,1,Saturday
2517,1995,1,Sunday
2518,1995,1,Thursday
2519,1995,1,Tuesday
2520,1995,1,Wednesday
2521,1994,12,Friday
2522,1994,12,Monday
2523,1994,12,Saturday
2524,1994,12,Sunday
2525,1994,12,Thursday
2526,1994,12,Tuesday
2527,1994,12,Wednesday
2528,1994,11,Friday
2529,1994,11,Monday
2530,1994,11,Saturday
2531,1994,11,Sunday
2532,1994,11,Thursday
2533,1994,11,Tuesday
2534,1994,11,Wednesday
2535,1994,10,Friday
2536,1994,10,Monday
2537,1994,10,Saturday
2538,1994,10,Sunday
2539,1994,10,Thursday
2540,1994,10,Tuesday
2541,1994,10,Wednesday
2542,1994,9,Friday
2543,1994,9,Monday
2544,1994,9,Saturday
2545,1994,9,Sunday
2546,1994,9,Thursday
2547,1994,9,Tuesday
2548,1994,9,Wednesday
2549,1994,8,Friday
2550,1994,8,Monday
2551,1994,8,Saturday
2552,1994,8,Sunday
2553,1994,8,Thursday
2554,1994,8,Tuesday
2555,1994,8,Wednesday
2556,1994,7,Friday
2557,1994,7,Monday
2558,1994,7,Saturday
2559,1994,7,Sunday
2560,1994,7,Thursday
2561,1994,7,Tuesday
2562,1994,7,Wednesday
2563,1994,6,Friday
2564,1994,6,Monday
2565,1994,6,Saturday
2566,1994,6,Sunday
2567,1994,6,Thursday
2568,1994,6,Tuesday
2569,1994,6,Wednesday
2570,1994,5,Friday
2571,1994,5,Monday
2572,1994,5,Saturday
2573,1994,5,Sunday
2574,1994,5,Thursday
2575,1994,5,Tuesday
2576,1994,5,Wednesday
2577,1994,4,Friday
2578,1994,4,Monday
2579,1994,4,Saturday
2580,1994,4,Sunday
2581,1994,4,Thursday
2582,1994,4,Tuesday
2583,1994,4,Wednesday
2584,1994,3,Friday
2585,1994,3,Monday
2586,1994,3,Saturday
2587,1994,3,Sunday
2588,1994,3,Thursday
2589,1994,3,Tuesday
2590,1994,3,Wednesday
2591,1994,2,Friday
2592,1994,2,Monday
2593,1994,2,Saturday
2594,1994,2,Sunday
2595,1994,2,Thursday
2596,1994,2,Tuesday
2597,1994,2,Wednesday
2598,1994,1,Friday
2599,1994,1,Monday
2600,1994,1,Saturday
2601,1994,1,Sunday
2602,1994,1,Thursday
2603,1994,1,Tuesday
2604,1994,1,Wednesday
2605,1993,12,Friday
2606,1993,12,Monday
2607,1993,12,Saturday
2608,1993,12,Sunday
2609,1993,12,Thursday
2610,1993,12,Tuesday
2611,1993,12,Wednesday
2612,1993,11,Friday
2613,1993,11,Monday
2614,1993,11,Saturday
2615,1993,11,Sunday
2616,1993,11,Thursday
2617,1993,11,Tuesday
2618,1993,11,Wednesday
2619,1993,10,Friday
2620,1993,10,Monday
2621,1993,10,Saturday
2622,1993,10,Sunday
2623,1993,10,Thursday
2624,1993,10,Tuesday
2625,1993,10,Wednesday
2626,1993,9,Friday
2627,1993,9,Monday
2628,1993,9,Saturday
2629,1993,9,Sunday
2630,1993,9,Thursday
2631,1993,9,Tuesday
2632,1993,9,Wednesday
2633,1993,8,Friday
2634,1993,8,Monday
2635,1993,8,Saturday
2636,1993,8,Sunday
2637,1993,8,Thursday
2638,1993,8,Tuesday
2639,1993,8,Wednesday
2640,1993,7,Friday
2641,1993,7,Monday
2642,1993,7,Saturday
2643,1993,7,Sunday
2644,1993,7,Thursday
2645,1993,7,Tuesday
2646,1993,7,Wednesday
2647,1993,6,Friday
2648,1993,6,Monday
2649,1993,6,Saturday
2650,1993,6,Sunday
2651,1993,6,Thursday
2652,1993,6,Tuesday
2653,1993,6,Wednesday
2654,1993,5,Friday
2655,1993,5,Monday
2656,1993,5,Saturday
2657,1993,5,Sunday
2658,1993,5,Thursday
2659,1993,5,Tuesday
2660,1993,5,Wednesday
2661,1993,4,Friday
2662,1993,4,Monday
2663,1993,4,Saturday
2664,1993,4,Sunday
2665,1993,4,Thursday
2666,1993,4,Tuesday
2667,1993,4,Wednesday
2668,1993,3,Friday
2669,1993,3,Monday
2670,1993,3,Saturday
2671,1993,3,Sunday
2672,1993,3,Thursday
2673,1993,3,Tuesday
2674,1993,3,Wednesday
2675,1993,2,Friday
2676,1993,2,Monday
2677,1993,2,Saturday
2678,1993,2,Sunday
2679,1993,2,Thursday
2680,1993,2,Tuesday
2681,1993,2,Wednesday
2682,1993,1,Friday
2683,1993,1,Monday
2684,1993,1,Saturday
2685,1993,1,Sunday
2686,1993,1,Thursday
2687,1993,1,Tuesday
2688,1993,1,Wednesday
2689,1992,12,Friday
2690,1992,12,Monday
2691,1992,12,Saturday
2692,1992,12,Sunday
2693,1992,12,Thursday
2694,1992,12,Tuesday
2695,1992,12,Wednesday
2696,1992,11,Friday
2697,1992,11,Monday
2698,1992,11,Saturday
2699,1992,11,Sunday
2700,1992,11,Thursday
2701,1992,11,Tuesday
2702,1992,11,Wednesday
2703,1992,10,Friday
2704,1992,10,Monday
2705,1992,10,Saturday
2706,1992,10,Sunday
2707,1992,10,Thursday
2708,1992,10,Tuesday
2709,1992,10,Wednesday
2710,1992,9,Friday
2711,1992,9,Monday
2712,1992,9,Saturday
2713,1992,9,Sunday
2714,1992,9,Thursday
2715,1992,9,Tuesday
2716,1992,9,Wednesday
2717,1992,8,Friday
2718,1992,8,Monday
2719,1992,8,Saturday
2720,1992,8,Sunday
2721,1992,8,Thursday
2722,1992,8,Tuesday
2723,1992,8,Wednesday
2724,1992,7,Friday
2725,1992,7,Monday
2726,1992,7,Saturday
2727,1992,7,Sunday
2728,1992,7,Thursday
2729,1992,7,Tuesday
2730,1992,7,Wednesday
2731,1992,6,Friday
2732,1992,6,Monday
2733,1992,6,Saturday
2734,1992,6,Sunday
2735,1992,6,Thursday
2736,1992,6,Tuesday
2737,1992,6,Wednesday
2738,1992,5,Friday
2739,1992,5,Monday
2740,1992,5,Saturday
2741,1992,5,Sunday
2742,1992,5,Thursday
2743,1992,5,Tuesday
2744,1992,5,Wednesday
2745,1992,4,Friday
2746,1992,4,Monday
2747,1992,4,Saturday
2748,1992,4,Sunday
2749,1992,4,Thursday
2750,1992,4,Tuesday
2751,1992,4,Wednesday
2752,1992,3,Friday
2753,1992,3,Monday
2754,1992,3,Saturday
2755,1992,3,Sunday
2756,1992,3,Thursday
2757,1992,3,Tuesday
2758,1992,3,Wednesday
2759,1992,2,Friday
2760,1992,2,Monday
2761,1992,2,Saturday
2762,1992,2,Sunday
2763,1992,2,Thursday
2764,1992,2,Tuesday
2765,1992,2,Wednesday
2766,1992,1,Friday
2767,1992,1,Monday
2768,1992,1,Saturday
2769,1992,1,Sunday
2770,1992,1,Thursday
2771,1992,1,Tuesday
2772,1992,1,Wednesday
2773,1991,12,Friday
2774,1991,12,Monday
2775,1991,12,Saturday
2776,1991,12,Sunday
2777,1991,12,Thursday
2778,1991,12,Tuesday
2779,1991,12,Wednesday
2780,1991,11,Friday
2781,1991,11,Monday
2782,1991,11,Saturday
2783,1991,11,Sunday
2784,1991,11,Thursday
2785,1991,11,Tuesday
2786,1991,11,Wednesday
2787,1991,10,Friday
2788,1991,10,Monday
2789,1991,10,Saturday
2790,1991,10,Sunday
2791,1991,10,Thursday
2792,1991,10,Tuesday
2793,1991,10,Wednesday
2794,1991,9,Friday
2795,1991,9,Monday
2796,1991,9,Saturday
2797,1991,9,Sunday
2798,1991,9,Thursday
2799,1991,9,Tuesday
2800,1991,9,Wednesday
2801,1991,8,Friday
2802,1991,8,Monday
2803,1991,8,Saturday
2804,1991,8,Sunday
2805,1991,8,Thursday
2806,1991,8,Tuesday
2807,1991,8,Wednesday
2808,1991,7,Friday
2809,1991,7,Monday
2810,1991,7,Saturday
2811,1991,7,Sunday
2812,1991,7,Thursday
2813,1991,7,Tuesday
2814,1991,7,Wednesday
2815,1991,6,Friday
2816,1991,6,Monday
2817,1991,6,Saturday
2818,1991,6,Sunday
2819,1991,6,Thursday
2820,1991,6,Tuesday
2821,1991,6,Wednesday
2822,1991,5,Friday
2823,1991,5,Monday
2824,1991,5,Saturday
2825,1991,5,Sunday
2826,1991,5,Thursday
2827,1991,5,Tuesday
2828,1991,5,Wednesday
2829,1991,4,Friday
2830,1991,4,Monday
2831,1991,4,Saturday
2832,1991,4,Sunday
2833,1991,4,Thursday
2834,1991,4,Tuesday
2835,1991,4,Wednesday
2836,1991,3,Friday
2837,1991,3,Monday
2838,1991,3,Saturday
2839,1991,3,Sunday
2840,1991,3,Thursday
2841,1991,3,Tuesday
2842,1991,3,Wednesday
2843,1991,2,Friday
2844,1991,2,Monday
2845,1991,2,Saturday
2846,1991,2,Sunday
2847,1991,2,Thursday
2848,1991,2,Tuesday
2849,1991,2,Wednesday
2850,1991,1,Friday
2851,1991,1,Monday
2852,1991,1,Saturday
2853,1991,1,Sunday
2854,1991,1,Thursday
2855,1991,1,Tuesday
2856,1991,1,Wednesday
2857,1990,12,Friday
2858,1990,12,Monday
2859,1990,12,Saturday
2860,1990,12,Sunday
2861,1990,12,Thursday
2862,1990,12,Tuesday
2863,1990,12,Wednesday
2864,1990,11,Friday
2865,1990,11,Monday
2866,1990,11,Saturday
2867,1990,11,Sunday
2868,1990,11,Thursday
2869,1990,11,Tuesday
2870,1990,11,Wednesday
2871,1990,10,Friday
2872,1990,10,Monday
2873,1990,10,Saturday
2874,1990,10,Sunday
2875,1990,10,Thursday
2876,1990,10,Tuesday
2877,1990,10,Wednesday
2878,1990,9,Friday
2879,1990,9,Monday
2880,1990,9,Saturday
2881,1990,9,Sunday
2882,1990,9,Thursday
2883,1990,9,Tuesday
2884,1990,9,Wednesday
2885,1990,8,Friday
2886,1990,8,Monday
2887,1990,8,Saturday
2888,1990,8,Sunday
2889,1990,8,Thursday
2890,1990,8,Tuesday
2891,1990,8,Wednesday
2892,1990,7,Friday
2893,1990,7,Monday
2894,1990,7,Saturday
2895,1990,7,Sunday
2896,1990,7,Thursday
2897,1990,7,Tuesday
2898,1990,7,Wednesday
2899,1990,6,Friday
2900,1990,6,Monday
2901,1990,6,Saturday
2902,1990,6,Sunday
2903,1990,6,Thursday
2904,1990,6,Tuesday
2905,1990,6,Wednesday
2906,1990,5,Friday
2907,1990,5,Monday
2908,1990,5,Saturday
2909,1990,5,Sunday
2910,1990,5,Thursday
2911,1990,5,Tuesday
2912,1990,5,Wednesday
2913,1990,4,Friday
2914,1990,4,Monday
2915,1990,4,Saturday
2916,1990,4,Sunday
2917,1990,4,Thursday
2918,1990,4,Tuesday
2919,1990,4,Wednesday
2920,1990,3,Friday
2921,1990,3,Monday
2922,1990,3,Saturday
2923,1990,3,Sunday
2924,1990,3,Thursday
2925,1990,3,Tuesday
2926,1990,3,Wednesday
2927,1990,2,Friday
2928,1990,2,Monday
2929,1990,2,Saturday
2930,1990,2,Sunday
2931,1990,2,Thursday
2932,1990,2,Tuesday
2933,1990,2,Wednesday
2934,1990,1,Friday
2935,1990,1,Monday
2936,1990,1,Saturday
2937,1990,1,Sunday
2938,1990,1,Thursday
2939,1990,1,Tuesday
2940,1990,1,Wednesday
2941,1989,12,Friday
2942,1989,12,Monday
2943,1989,12,Saturday
2944,1989,12,Sunday
2945,1989,12,Thursday
2946,1989,12,Tuesday
2947,1989,12,Wednesday
2948,1989,11,Friday
2949,1989,11,Monday
2950,1989,11,Saturday
2951,1989,11,Sunday
2952,1989,11,Thursday
2953,1989,11,Tuesday
2954,1989,11,Wednesday
2955,1989,10,Friday
2956,1989,10,Monday
2957,1989,10,Saturday
2958,1989,10,Sunday
2959,1989,10,Thursday
2960,1989,10,Tuesday
2961,1989,10,Wednesday
2962,1989,9,Friday
2963,1989,9,Monday
2964,1989,9,Saturday
2965,1989,9,Sunday
2966,1989,9,Thursday
2967,1989,9,Tuesday
2968,1989,9,Wednesday
2969,1989,8,Friday
2970,1989,8,Monday
2971,1989,8,Saturday
2972,1989,8,Sunday
2973,1989,8,Thursday
2974,1989,8,Tuesday
2975,1989,8,Wednesday
2976,1989,7,Friday
2977,1989,7,Monday
2978,1989,7,Saturday
2979,1989,7,Sunday
2980,1989,7,Thursday
2981,1989,7,Tuesday
2982,1989,7,Wednesday
2983,1989,6,Friday
2984,1989,6,Monday
2985,1989,6,Saturday
2986,1989,6,Sunday
2987,1989,6,Thursday
2988,1989,6,Tuesday
2989,1989,6,Wednesday
2990,1989,5,Friday
2991,1989,5,Monday
2992,1989,5,Saturday
2993,1989,5,Sunday
2994,1989,5,Thursday
2995,1989,5,Tuesday
2996,1989,5,Wednesday
2997,1989,4,Friday
2998,1989,4,Monday
2999,1989,4,Saturday
3000,1989,4,Sunday
3001,1989,4,Thursday
3002,1989,4,Tuesday
3003,1989,4,Wednesday
3004,1989,3,Friday
3005,1989,3,Monday
3006,1989,3,Saturday
3007,1989,3,Sunday
3008,1989,3,Thursday
3009,1989,3,Tuesday
3010,1989,3,Wednesday
3011,1989,2,Friday
3012,1989,2,Monday
3013,1989,2,Saturday
3014,1989,2,Sunday
3015,1989,2,Thursday
3016,1989,2,Tuesday
3017,1989,2,Wednesday
3018,1989,1,Friday
3019,1989,1,Monday
3020,1989,1,Saturday
3021,1989,1,Sunday
3022,1989,1,Thursday
3023,1989,1,Tuesday
3024,1989,1,Wednesday
