PeopleID,Age,AgeGroup,Gender,RoadUser
Peop1,74,65_to_74,Male,Driver
Peop2,19,17_to_25,Female,Driver
Peop3,33,26_to_39,Female,Driver
Peop4,32,26_to_39,Female,Driver
Peop5,61,40_to_64,Female,Passenger
Peop6,47,40_to_64,Male,Motorcycle rider
Peop7,29,26_to_39,Female,Passenger
Peop8,19,17_to_25,Male,Motorcycle rider
Peop9,55,40_to_64,Female,Driver
Peop10,45,40_to_64,Female,Driver
Peop11,50,40_to_64,Male,Pedestrian
Peop12,45,40_to_64,Male,Driver
Peop13,61,40_to_64,Male,Driver
Peop14,74,65_to_74,Male,Pedestrian
Peop15,25,17_to_25,Male,Driver
Peop16,4,0_to_16,Male,Pedestrian
Peop17,27,26_to_39,Male,Driver
Peop18,66,65_to_74,Male,Driver
Peop19,65,65_to_74,Female,Pedestrian
Peop20,32,26_to_39,Male,Driver
Peop21,69,65_to_74,Male,Motorcycle rider
Peop22,59,40_to_64,Female,Driver
Peop23,68,65_to_74,Female,Passenger
Peop24,76,75_or_older,Male,Driver
Peop25,35,26_to_39,Male,Motorcycle rider
Peop26,55,40_to_64,Male,Motorcycle rider
Peop27,63,40_to_64,Male,Motorcycle rider
Peop28,66,65_to_74,Female,Passenger
Peop29,61,40_to_64,Male,Pedal cyclist
Peop30,30,26_to_39,Female,Driver
Peop31,34,26_to_39,Male,Driver
Peop32,26,26_to_39,Male,Driver
Peop33,46,40_to_64,Male,Motorcycle rider
Peop34,50,40_to_64,Female,Pedestrian
Peop35,85,75_or_older,Female,Pedestrian
Peop36,92,75_or_older,Female,Driver
Peop37,60,40_to_64,Male,Motorcycle rider
Peop38,74,65_to_74,Female,Driver
Peop39,26,26_to_39,Male,Motorcycle rider
Peop40,60,40_to_64,Female,Driver
Peop41,59,40_to_64,Female,Passenger
Peop42,45,40_to_64,Male,Motorcycle rider
Peop43,90,75_or_older,Female,Driver
Peop44,49,40_to_64,Male,Driver
Peop45,21,17_to_25,Male,Driver
Peop46,21,17_to_25,Male,Passenger
Peop47,16,0_to_16,Male,Driver
Peop48,22,17_to_25,Female,Passenger
Peop49,21,17_to_25,Female,Driver
Peop50,23,17_to_25,Male,Passenger
Peop51,74,65_to_74,-9,Motorcycle rider
Peop52,80,75_or_older,Female,Passenger
Peop53,-9,-9,Female,Pedestrian
Peop54,64,40_to_64,Female,Pedestrian
Peop55,17,17_to_25,Female,Driver
Peop56,71,65_to_74,Male,Motorcycle rider
Peop57,41,40_to_64,Male,Driver
Peop58,54,40_to_64,Male,Driver
Peop59,18,17_to_25,Male,Motorcycle rider
Peop60,24,17_to_25,Male,Driver
Peop61,27,26_to_39,Male,Pedestrian
Peop62,38,26_to_39,Male,Driver
Peop63,97,75_or_older,Female,Passenger
Peop64,83,75_or_older,Male,Driver
Peop65,36,26_to_39,Male,Driver
Peop66,70,65_to_74,Male,Driver
Peop67,29,26_to_39,Female,Driver
Peop68,43,40_to_64,Male,Driver
Peop69,61,40_to_64,Male,Motorcycle rider
Peop70,52,40_to_64,Male,Driver
Peop71,22,17_to_25,Male,Motorcycle rider
Peop72,53,40_to_64,Male,Driver
Peop73,44,40_to_64,Male,Motorcycle rider
Peop74,57,40_to_64,Female,Passenger
Peop75,18,17_to_25,Male,Driver
Peop76,18,17_to_25,Male,Passenger
Peop77,25,17_to_25,Male,Motorcycle rider
Peop78,44,40_to_64,Female,Passenger
Peop79,64,40_to_64,Female,Passenger
Peop80,17,17_to_25,Male,Driver
Peop81,43,40_to_64,Female,Pedestrian
Peop82,83,75_or_older,Female,Driver
Peop83,71,65_to_74,Male,Pedal cyclist
Peop84,87,75_or_older,Male,Passenger
Peop85,58,40_to_64,Female,Pedestrian
Peop86,43,40_to_64,Male,Motorcycle rider
Peop87,15,0_to_16,Male,Driver
Peop88,63,40_to_64,Male,Pedestrian
Peop89,38,26_to_39,Male,Motorcycle rider
Peop90,36,26_to_39,Male,Pedal cyclist
Peop91,78,75_or_older,Female,Driver
Peop92,76,75_or_older,Female,Driver
Peop93,25,17_to_25,Male,Passenger
Peop94,29,26_to_39,Male,Pedestrian
Peop95,37,26_to_39,Male,Driver
Peop96,71,65_to_74,Female,Pedestrian
Peop97,42,40_to_64,Female,Driver
Peop98,15,0_to_16,Female,Driver
Peop99,60,40_to_64,Female,Passenger
Peop100,57,40_to_64,Male,Driver
Peop101,30,26_to_39,Male,Driver
Peop102,48,40_to_64,Female,Pedestrian
Peop103,60,40_to_64,Female,Motorcycle rider
Peop104,68,65_to_74,Male,Motorcycle rider
Peop105,66,65_to_74,Male,Motorcycle rider
Peop106,65,65_to_74,Male,Pedal cyclist
Peop107,19,17_to_25,Male,Passenger
Peop108,20,17_to_25,Male,Driver
Peop109,35,26_to_39,Male,Pedestrian
Peop110,28,26_to_39,Male,Pedestrian
Peop111,30,26_to_39,Male,Passenger
Peop112,31,26_to_39,Female,Pedestrian
Peop113,62,40_to_64,Male,Driver
Peop114,69,65_to_74,Female,Driver
Peop115,83,75_or_older,Female,Pedestrian
Peop116,51,40_to_64,Female,Driver
Peop117,66,65_to_74,Male,Passenger
Peop118,31,26_to_39,Male,Driver
Peop119,60,40_to_64,Male,Driver
Peop120,56,40_to_64,Male,Driver
Peop121,82,75_or_older,Male,Passenger
Peop122,43,40_to_64,Male,Pedal cyclist
Peop123,21,17_to_25,Female,Pedestrian
Peop124,29,26_to_39,Male,Driver
Peop125,75,75_or_older,Female,Driver
Peop126,32,26_to_39,Male,Motorcycle rider
Peop127,31,26_to_39,Female,Driver
Peop128,42,40_to_64,Male,Driver
Peop129,40,40_to_64,Female,Driver
Peop130,40,40_to_64,Female,Passenger
Peop131,13,0_to_16,Male,Passenger
Peop132,64,40_to_64,Male,Motorcycle rider
Peop133,24,17_to_25,Female,Driver
Peop134,37,26_to_39,Male,Passenger
Peop135,81,75_or_older,Male,Pedestrian
Peop136,80,75_or_older,Female,Pedestrian
Peop137,39,26_to_39,Male,Motorcycle rider
Peop138,54,40_to_64,Male,Motorcycle rider
Peop139,76,75_or_older,Female,Passenger
Peop140,55,40_to_64,Female,Motorcycle rider
Peop141,44,40_to_64,Female,Driver
Peop142,28,26_to_39,Male,Motorcycle rider
Peop143,15,0_to_16,Male,Unknown
Peop144,91,75_or_older,Male,Pedestrian
Peop145,11,0_to_16,Female,Passenger
Peop146,53,40_to_64,Female,Driver
Peop147,63,40_to_64,Male,Driver
Peop148,73,65_to_74,Male,Driver
Peop149,48,40_to_64,Female,Driver
Peop150,69,65_to_74,Male,Pedestrian
Peop151,51,40_to_64,Male,Motorcycle rider
Peop152,46,40_to_64,Male,Driver
Peop153,73,65_to_74,Male,Motorcycle rider
Peop154,78,75_or_older,Female,Passenger
Peop155,74,65_to_74,Female,Passenger
Peop156,20,17_to_25,Male,Motorcycle rider
Peop157,27,26_to_39,Male,Motorcycle rider
Peop158,14,0_to_16,Male,Passenger
Peop159,41,40_to_64,Male,Motorcycle rider
Peop160,48,40_to_64,Male,Motorcycle rider
Peop161,34,26_to_39,Female,Motorcycle rider
Peop162,58,40_to_64,Male,Passenger
Peop163,5,0_to_16,Male,Passenger
Peop164,15,0_to_16,Female,Passenger
Peop165,37,26_to_39,Male,Motorcycle rider
Peop166,35,26_to_39,Male,Driver
Peop167,2,0_to_16,Female,Pedestrian
Peop168,59,40_to_64,Female,Motorcycle rider
Peop169,76,75_or_older,Male,Motorcycle rider
Peop170,76,75_or_older,Male,Pedestrian
Peop171,51,40_to_64,Male,Driver
Peop172,44,40_to_64,Male,Driver
Peop173,77,75_or_older,Male,Driver
Peop174,65,65_to_74,Male,Motorcycle rider
Peop175,21,17_to_25,Male,Motorcycle rider
Peop176,33,26_to_39,Female,Motorcycle rider
Peop177,34,26_to_39,Female,Unknown
Peop178,11,0_to_16,Male,Pedestrian
Peop179,39,26_to_39,Female,Pedestrian
Peop180,30,26_to_39,Male,Motorcycle rider
Peop181,78,75_or_older,Male,Pedestrian
Peop182,9,0_to_16,Male,Pedal cyclist
Peop183,15,0_to_16,Male,Motorcycle rider
Peop184,37,26_to_39,Male,Pedestrian
Peop185,52,40_to_64,Male,Pedestrian
Peop186,1,0_to_16,Female,Pedestrian
Peop187,52,40_to_64,Female,Driver
Peop188,93,75_or_older,Female,Driver
Peop189,87,75_or_older,Male,Driver
Peop190,81,75_or_older,Female,Passenger
Peop191,83,75_or_older,Male,Passenger
Peop192,31,26_to_39,Male,Motorcycle rider
Peop193,34,26_to_39,Male,Motorcycle rider
Peop194,23,17_to_25,Male,Motorcycle rider
Peop195,27,26_to_39,Female,Driver
Peop196,65,65_to_74,Female,Driver
Peop197,72,65_to_74,Male,Driver
Peop198,81,75_or_older,Male,Driver
Peop199,15,0_to_16,Female,Unknown
Peop200,79,75_or_older,Female,Pedestrian
Peop201,58,40_to_64,Male,Driver
Peop202,74,65_to_74,Female,Pedestrian
Peop203,32,26_to_39,Male,Pedestrian
Peop204,53,40_to_64,Male,Pedestrian
Peop205,22,17_to_25,Male,Passenger
Peop206,84,75_or_older,Male,Passenger
Peop207,50,40_to_64,Male,Motorcycle rider
Peop208,65,65_to_74,Male,Driver
Peop209,22,17_to_25,Female,Driver
Peop210,48,40_to_64,Male,Driver
Peop211,35,26_to_39,Female,Pedestrian
Peop212,56,40_to_64,Female,Driver
Peop213,81,75_or_older,Male,Pedal cyclist
Peop214,80,75_or_older,Female,Driver
Peop215,36,26_to_39,Male,Pedestrian
Peop216,57,40_to_64,Male,Motorcycle rider
Peop217,28,26_to_39,Male,Driver
Peop218,96,75_or_older,Male,Driver
Peop219,58,40_to_64,Male,Motorcycle rider
Peop220,15,0_to_16,Female,Pedestrian
Peop221,62,40_to_64,Male,Pedestrian
Peop222,45,40_to_64,Female,Unknown
Peop223,39,26_to_39,Male,Pedestrian
Peop224,23,17_to_25,Male,Driver
Peop225,26,26_to_39,Female,Passenger
Peop226,50,40_to_64,Male,Driver
Peop227,40,40_to_64,Male,Driver
Peop228,57,40_to_64,Male,Pedestrian
Peop229,64,40_to_64,Male,Driver
Peop230,68,65_to_74,Male,Driver
Peop231,54,40_to_64,Female,Driver
Peop232,63,40_to_64,Female,Pedestrian
Peop233,13,0_to_16,Male,Pedestrian
Peop234,29,26_to_39,Male,Motorcycle rider
Peop235,56,40_to_64,Male,Pedestrian
Peop236,23,17_to_25,Female,Driver
Peop237,19,17_to_25,Male,Driver
Peop238,78,75_or_older,Male,Motorcycle rider
Peop239,70,65_to_74,Male,Motorcycle rider
Peop240,42,40_to_64,Male,Pedal cyclist
Peop241,66,65_to_74,Male,Pedestrian
Peop242,20,17_to_25,Male,Motorcycle pillion passenger
Peop243,49,40_to_64,Male,Pedestrian
Peop244,61,40_to_64,Male,Pedestrian
Peop245,68,65_to_74,Female,Pedestrian
Peop246,6,0_to_16,Male,Passenger
Peop247,49,40_to_64,Male,Pedal cyclist
Peop248,35,26_to_39,Female,Passenger
Peop249,-9,-9,Female,Passenger
Peop250,28,26_to_39,Male,Passenger
Peop251,68,65_to_74,Female,Pedal cyclist
Peop252,79,75_or_older,Male,Pedestrian
Peop253,37,26_to_39,Female,Pedestrian
Peop254,37,26_to_39,Female,Driver
Peop255,27,26_to_39,Male,Pedal cyclist
Peop256,75,75_or_older,Male,Driver
Peop257,67,65_to_74,Male,Pedestrian
Peop258,36,26_to_39,Female,Passenger
Peop259,3,0_to_16,Female,Passenger
Peop260,47,40_to_64,Male,Driver
Peop261,70,65_to_74,Male,Pedestrian
Peop262,79,75_or_older,Male,Driver
Peop263,27,26_to_39,Male,Passenger
Peop264,16,0_to_16,Male,Passenger
Peop265,96,75_or_older,Female,Pedestrian
Peop266,59,40_to_64,Male,Driver
Peop267,55,40_to_64,Male,Driver
Peop268,80,75_or_older,Male,Pedestrian
Peop269,20,17_to_25,Female,Pedestrian
Peop270,78,75_or_older,Male,Driver
Peop271,49,40_to_64,Male,Motorcycle rider
Peop272,17,17_to_25,Male,Motorcycle rider
Peop273,32,26_to_39,Male,Other/-9
Peop274,63,40_to_64,Male,Pedal cyclist
Peop275,56,40_to_64,Female,Pedal cyclist
Peop276,20,17_to_25,Male,Passenger
Peop277,18,17_to_25,Female,Passenger
Peop278,20,17_to_25,Female,Passenger
Peop279,54,40_to_64,Male,Passenger
Peop280,16,0_to_16,Male,Motorcycle rider
Peop281,33,26_to_39,Male,Driver
Peop282,67,65_to_74,Male,Driver
Peop283,77,75_or_older,-9,Passenger
Peop284,69,65_to_74,Male,Pedal cyclist
Peop285,71,65_to_74,Male,Driver
Peop286,28,26_to_39,Female,Driver
Peop287,3,0_to_16,Male,Passenger
Peop288,30,26_to_39,Female,Unknown
Peop289,84,75_or_older,Male,Driver
Peop290,85,75_or_older,Female,Driver
Peop291,39,26_to_39,Male,Driver
Peop292,11,0_to_16,Male,Pedal cyclist
Peop293,83,75_or_older,Male,Pedestrian
Peop294,60,40_to_64,Male,Passenger
Peop295,17,17_to_25,Male,Passenger
Peop296,72,65_to_74,Female,Driver
Peop297,17,17_to_25,Female,Passenger
Peop298,80,75_or_older,Male,Driver
Peop299,26,26_to_39,Female,Motorcycle rider
Peop300,0,0_to_16,Male,Passenger
Peop301,30,26_to_39,Male,Pedestrian
Peop302,29,26_to_39,Female,Pedestrian
Peop303,44,40_to_64,Male,Pedestrian
Peop304,24,17_to_25,Female,Passenger
Peop305,8,0_to_16,Male,Passenger
Peop306,81,75_or_older,Female,Pedestrian
Peop307,36,26_to_39,Male,Motorcycle rider
Peop308,63,40_to_64,Male,Passenger
Peop309,85,75_or_older,Male,Driver
Peop310,49,40_to_64,Male,Passenger
Peop311,57,40_to_64,Male,Pedal cyclist
Peop312,33,26_to_39,Female,Passenger
Peop313,56,40_to_64,Female,Passenger
Peop314,21,17_to_25,Female,Passenger
Peop315,68,65_to_74,Female,Driver
Peop316,54,40_to_64,Male,Pedal cyclist
Peop317,47,40_to_64,Male,Pedal cyclist
Peop318,43,40_to_64,Male,Passenger
Peop319,34,26_to_39,Male,Passenger
Peop320,22,17_to_25,Male,Driver
Peop321,63,40_to_64,Female,Driver
Peop322,56,40_to_64,-9,Motorcycle rider
Peop323,43,40_to_64,Male,Pedestrian
Peop324,20,17_to_25,Female,Motorcycle rider
Peop325,61,40_to_64,Female,Pedestrian
Peop326,90,75_or_older,Male,Driver
Peop327,40,40_to_64,Male,Motorcycle rider
Peop328,63,40_to_64,Female,Passenger
Peop329,87,75_or_older,Male,Pedestrian
Peop330,33,26_to_39,Male,Motorcycle rider
Peop331,40,40_to_64,Female,Pedestrian
Peop332,69,65_to_74,Male,Driver
Peop333,73,65_to_74,Female,Pedestrian
Peop334,41,40_to_64,Male,Passenger
Peop335,93,75_or_older,Male,Driver
Peop336,84,75_or_older,Female,Driver
Peop337,-9,-9,-9,Passenger
Peop338,18,17_to_25,Male,Pedestrian
Peop339,18,17_to_25,Female,Driver
Peop340,76,75_or_older,Female,Pedestrian
Peop341,35,26_to_39,Female,Driver
Peop342,38,26_to_39,Female,Driver
Peop343,89,75_or_older,Female,Driver
Peop344,62,40_to_64,Female,Driver
Peop345,24,17_to_25,Female,Motorcycle pillion passenger
Peop346,38,26_to_39,Male,Pedestrian
Peop347,20,17_to_25,Female,Driver
Peop348,79,75_or_older,Female,Driver
Peop349,56,40_to_64,Male,Motorcycle rider
Peop350,4,0_to_16,Male,Passenger
Peop351,53,40_to_64,Male,Motorcycle rider
Peop352,32,26_to_39,Female,Passenger
Peop353,12,0_to_16,Male,Pedestrian
Peop354,16,0_to_16,Female,Passenger
Peop355,76,75_or_older,Male,Pedal cyclist
Peop356,70,65_to_74,Male,Pedal cyclist
Peop357,28,26_to_39,Female,Passenger
Peop358,82,75_or_older,Female,Passenger
Peop359,73,65_to_74,Female,Driver
Peop360,94,75_or_older,Male,Driver
Peop361,91,75_or_older,Female,Passenger
Peop362,77,75_or_older,Female,Driver
Peop363,31,26_to_39,Male,Pedal cyclist
Peop364,43,40_to_64,Female,Passenger
Peop365,59,40_to_64,Male,Pedestrian
Peop366,30,26_to_39,Female,Pedestrian
Peop367,72,65_to_74,Male,Motorcycle rider
Peop368,67,65_to_74,Female,Motorcycle rider
Peop369,66,65_to_74,Female,Driver
Peop370,41,40_to_64,Female,Passenger
Peop371,45,40_to_64,Male,Passenger
Peop372,49,40_to_64,Female,Driver
Peop373,15,0_to_16,Female,Motorcycle pillion passenger
Peop374,78,75_or_older,Female,Pedestrian
Peop375,70,65_to_74,Female,Driver
Peop376,26,26_to_39,Male,Pedestrian
Peop377,68,65_to_74,Male,Passenger
Peop378,86,75_or_older,Male,Driver
Peop379,75,75_or_older,Female,Passenger
Peop380,15,0_to_16,Male,Passenger
Peop381,91,75_or_older,Male,Driver
Peop382,13,0_to_16,Male,Unknown
Peop383,45,40_to_64,Female,Pedestrian
Peop384,18,17_to_25,Female,Pedestrian
Peop385,59,40_to_64,Male,Motorcycle rider
Peop386,21,17_to_25,Male,Pedestrian
Peop387,66,65_to_74,Male,Pedal cyclist
Peop388,15,0_to_16,Male,Pedal cyclist
Peop389,54,40_to_64,Female,Passenger
Peop390,39,26_to_39,Female,Driver
Peop391,72,65_to_74,Male,Pedestrian
Peop392,42,40_to_64,Male,Pedestrian
Peop393,77,75_or_older,Male,Motorcycle rider
Peop394,41,40_to_64,Female,Motorcycle rider
Peop395,17,17_to_25,Male,Pedestrian
Peop396,31,26_to_39,Male,Pedestrian
Peop397,73,65_to_74,Male,Pedestrian
Peop398,20,17_to_25,Male,Pedestrian
Peop399,36,26_to_39,Female,Pedal cyclist
Peop400,51,40_to_64,Male,Pedestrian
Peop401,64,40_to_64,Male,Pedestrian
Peop402,23,17_to_25,Female,Passenger
Peop403,19,17_to_25,Female,Passenger
Peop404,42,40_to_64,Male,Motorcycle rider
Peop405,47,40_to_64,Female,Driver
Peop406,82,75_or_older,Male,Driver
Peop407,47,40_to_64,Female,Passenger
Peop408,70,65_to_74,Female,Passenger
Peop409,34,26_to_39,Female,Passenger
Peop410,30,26_to_39,Female,Pedal cyclist
Peop411,42,40_to_64,Male,Passenger
Peop412,50,40_to_64,Male,Passenger
Peop413,58,40_to_64,Male,Pedal cyclist
Peop414,53,40_to_64,Female,Motorcycle rider
Peop415,27,26_to_39,Female,Passenger
Peop416,31,26_to_39,Male,Other/-9
Peop417,93,75_or_older,Female,Pedestrian
Peop418,55,40_to_64,Female,Pedestrian
Peop419,3,0_to_16,Female,Pedestrian
Peop420,24,17_to_25,Male,Motorcycle rider
Peop421,9,0_to_16,Male,Passenger
Peop422,79,75_or_older,Female,Passenger
Peop423,50,40_to_64,Female,Passenger
Peop424,16,0_to_16,Male,Pedestrian
Peop425,27,26_to_39,Male,Unknown
Peop426,90,75_or_older,Female,Passenger
Peop427,11,0_to_16,Male,Passenger
Peop428,23,17_to_25,Female,Motorcycle pillion passenger
Peop429,35,26_to_39,Male,Unknown
Peop430,69,65_to_74,Female,Pedestrian
Peop431,52,40_to_64,Male,Motorcycle rider
Peop432,41,40_to_64,Male,Other/-9
Peop433,88,75_or_older,Male,Driver
Peop434,64,40_to_64,Male,Pedal cyclist
Peop435,65,65_to_74,Male,Pedestrian
Peop436,12,0_to_16,Female,Passenger
Peop437,49,40_to_64,Female,Pedestrian
Peop438,61,40_to_64,Female,Driver
Peop439,48,40_to_64,Female,Passenger
Peop440,28,26_to_39,Male,Unknown
Peop441,29,26_to_39,Male,Passenger
Peop442,25,17_to_25,Female,Driver
Peop443,82,75_or_older,Female,Driver
Peop444,38,26_to_39,Female,Passenger
Peop445,24,17_to_25,Male,Passenger
Peop446,89,75_or_older,Female,Passenger
Peop447,32,26_to_39,Female,Pedestrian
Peop448,44,40_to_64,Male,Other/-9
Peop449,92,75_or_older,Female,Pedestrian
Peop450,57,40_to_64,Male,Passenger
Peop451,2,0_to_16,Male,Pedestrian
Peop452,85,75_or_older,Male,Motorcycle rider
Peop453,41,40_to_64,Female,Driver
Peop454,62,40_to_64,Female,Passenger
Peop455,25,17_to_25,Female,Passenger
Peop456,53,40_to_64,Male,Pedal cyclist
Peop457,7,0_to_16,Male,Pedestrian
Peop458,26,26_to_39,Male,Passenger
Peop459,85,75_or_older,Female,Passenger
Peop460,67,65_to_74,Female,Driver
Peop461,85,75_or_older,Male,Pedestrian
Peop462,65,65_to_74,Female,Passenger
Peop463,65,65_to_74,Female,Motorcycle rider
Peop464,38,26_to_39,Male,Passenger
Peop465,62,40_to_64,Male,Motorcycle rider
Peop466,82,75_or_older,Male,Motorcycle rider
Peop467,37,26_to_39,Male,Pedal cyclist
Peop468,47,40_to_64,Male,Pedestrian
Peop469,75,75_or_older,Male,Motorcycle rider
Peop470,70,65_to_74,Female,Pedestrian
Peop471,46,40_to_64,Female,Driver
Peop472,31,26_to_39,Female,Motorcycle pillion passenger
Peop473,-9,-9,Male,Passenger
Peop474,5,0_to_16,Female,Passenger
Peop475,88,75_or_older,Female,Passenger
Peop476,82,75_or_older,Male,Pedestrian
Peop477,82,75_or_older,Male,Pedal cyclist
Peop478,39,26_to_39,Male,Passenger
Peop479,78,75_or_older,Male,Pedal cyclist
Peop480,84,75_or_older,Male,Pedestrian
Peop481,90,75_or_older,Male,Passenger
Peop482,67,65_to_74,Male,Motorcycle rider
Peop483,58,40_to_64,Male,Pedestrian
Peop484,72,65_to_74,Male,Pedal cyclist
Peop485,61,40_to_64,Male,Unknown
Peop486,100,75_or_older,Female,Passenger
Peop487,75,75_or_older,Male,Passenger
Peop488,84,75_or_older,Female,Passenger
Peop489,86,75_or_older,Male,Passenger
Peop490,84,75_or_older,Female,Pedestrian
Peop491,70,65_to_74,Male,Passenger
Peop492,33,26_to_39,Male,Passenger
Peop493,37,26_to_39,Female,Passenger
Peop494,56,40_to_64,Male,Passenger
Peop495,87,75_or_older,Female,Pedestrian
Peop496,55,40_to_64,Male,Passenger
Peop497,8,0_to_16,Female,Passenger
Peop498,18,17_to_25,Female,Motorcycle rider
Peop499,35,26_to_39,Female,Motorcycle pillion passenger
Peop500,88,75_or_older,Female,Pedestrian
Peop501,25,17_to_25,Male,Pedestrian
Peop502,86,75_or_older,Female,Passenger
Peop503,32,26_to_39,Male,Passenger
Peop504,71,65_to_74,Male,Pedestrian
Peop505,10,0_to_16,Male,Passenger
Peop506,36,26_to_39,Male,Passenger
Peop507,66,65_to_74,Female,Pedestrian
Peop508,31,26_to_39,Male,Passenger
Peop509,69,65_to_74,Female,Passenger
Peop510,73,65_to_74,Male,Passenger
Peop511,73,65_to_74,Female,Passenger
Peop512,49,40_to_64,Female,Motorcycle rider
Peop513,86,75_or_older,Female,Pedestrian
Peop514,26,26_to_39,Male,Pedal cyclist
Peop515,91,75_or_older,Male,Passenger
Peop516,14,0_to_16,Male,Motorcycle rider
Peop517,24,17_to_25,Male,Pedestrian
Peop518,44,40_to_64,Male,Passenger
Peop519,52,40_to_64,Female,Passenger
Peop520,41,40_to_64,Male,Pedal cyclist
Peop521,17,17_to_25,Female,Pedal cyclist
Peop522,5,0_to_16,Male,Pedestrian
Peop523,67,65_to_74,Male,Pedal cyclist
Peop524,34,26_to_39,Female,Driver
Peop525,59,40_to_64,Male,Pedal cyclist
Peop526,9,0_to_16,Female,Pedestrian
Peop527,60,40_to_64,Male,Unknown
Peop528,46,40_to_64,Male,Pedestrian
Peop529,0,0_to_16,Male,Pedestrian
Peop530,26,26_to_39,Female,Driver
Peop531,30,26_to_39,Female,Passenger
Peop532,35,26_to_39,Male,Passenger
Peop533,26,26_to_39,Female,Pedestrian
Peop534,55,40_to_64,Male,Pedestrian
Peop535,62,40_to_64,Female,Pedestrian
Peop536,73,65_to_74,Male,Pedal cyclist
Peop537,69,65_to_74,Male,Passenger
Peop538,31,26_to_39,Female,Passenger
Peop539,40,40_to_64,Male,Pedestrian
Peop540,22,17_to_25,Male,Pedal cyclist
Peop541,42,40_to_64,Female,Pedestrian
Peop542,42,40_to_64,Female,Passenger
Peop543,90,75_or_older,Male,Pedestrian
Peop544,92,75_or_older,Male,Driver
Peop545,56,40_to_64,Female,Pedestrian
Peop546,41,40_to_64,Male,Pedestrian
Peop547,16,0_to_16,Female,Pedestrian
Peop548,23,17_to_25,Female,Motorcycle rider
Peop549,87,75_or_older,Female,Passenger
Peop550,50,40_to_64,Female,Driver
Peop551,48,40_to_64,Male,Pedestrian
Peop552,45,40_to_64,Male,Pedestrian
Peop553,86,75_or_older,Male,Pedestrian
Peop554,36,26_to_39,Female,Driver
Peop555,12,0_to_16,Male,Passenger
Peop556,23,17_to_25,Male,Pedestrian
Peop557,88,75_or_older,Female,Driver
Peop558,71,65_to_74,Female,Driver
Peop559,2,0_to_16,Male,Passenger
Peop560,0,0_to_16,Female,Passenger
Peop561,94,75_or_older,Male,Passenger
Peop562,77,75_or_older,Male,Pedestrian
Peop563,51,40_to_64,Female,Passenger
Peop564,87,75_or_older,Female,Driver
Peop565,81,75_or_older,Female,Driver
Peop566,86,75_or_older,Female,Driver
Peop567,51,40_to_64,Male,Pedal cyclist
Peop568,18,17_to_25,Male,Pedal cyclist
Peop569,89,75_or_older,Male,Passenger
Peop570,83,75_or_older,Male,Motorcycle rider
Peop571,71,65_to_74,Female,Passenger
Peop572,99,75_or_older,Female,Pedestrian
Peop573,57,40_to_64,Female,Motorcycle rider
Peop574,14,0_to_16,Male,Pedestrian
Peop575,68,65_to_74,Male,Pedal cyclist
Peop576,54,40_to_64,Female,Motorcycle pillion passenger
Peop577,61,40_to_64,Female,Motorcycle rider
Peop578,43,40_to_64,Female,Driver
Peop579,51,40_to_64,Male,Passenger
Peop580,75,75_or_older,Female,Pedestrian
Peop581,45,40_to_64,Male,Pedal cyclist
Peop582,64,40_to_64,Female,Driver
Peop583,4,0_to_16,Female,Passenger
Peop584,83,75_or_older,Male,Pedal cyclist
Peop585,40,40_to_64,Male,Passenger
Peop586,1,0_to_16,Female,Passenger
Peop587,58,40_to_64,Female,Driver
Peop588,47,40_to_64,Male,Passenger
Peop589,53,40_to_64,Male,Passenger
Peop590,48,40_to_64,Male,Passenger
Peop591,80,75_or_older,Male,Passenger
Peop592,95,75_or_older,Female,Pedestrian
Peop593,79,75_or_older,Male,Passenger
Peop594,53,40_to_64,Female,Pedestrian
Peop595,22,17_to_25,Female,Pedestrian
Peop596,25,17_to_25,Female,Pedestrian
Peop597,60,40_to_64,Male,Pedestrian
Peop598,98,75_or_older,Female,Passenger
Peop599,96,75_or_older,Female,Passenger
Peop600,37,26_to_39,Female,Motorcycle pillion passenger
Peop601,46,40_to_64,Male,Passenger
Peop602,27,26_to_39,Female,Pedestrian
Peop603,55,40_to_64,Male,Pedal cyclist
Peop604,29,26_to_39,Male,Pedal cyclist
Peop605,52,40_to_64,Female,Pedestrian
Peop606,77,75_or_older,Female,Pedestrian
Peop607,24,17_to_25,Female,Pedestrian
Peop608,100,75_or_older,Male,Passenger
Peop609,72,65_to_74,Female,Pedestrian
Peop610,47,40_to_64,Female,Motorcycle rider
Peop611,8,0_to_16,Male,Pedestrian
Peop612,4,0_to_16,Female,Pedestrian
Peop613,89,75_or_older,Male,Driver
Peop614,37,26_to_39,-9,Motorcycle rider
Peop615,28,26_to_39,Female,Other/-9
Peop616,33,26_to_39,Female,Other/-9
Peop617,15,0_to_16,Male,Pedestrian
Peop618,34,26_to_39,Male,Pedestrian
Peop619,14,0_to_16,Female,Passenger
Peop620,86,75_or_older,Male,Pedal cyclist
Peop621,75,75_or_older,Male,Pedal cyclist
Peop622,61,40_to_64,Male,Passenger
Peop623,56,40_to_64,Male,Pedal cyclist
Peop624,19,17_to_25,Female,Other/-9
Peop625,94,75_or_older,Female,Driver
Peop626,53,40_to_64,Male,Motorcycle pillion passenger
Peop627,33,26_to_39,Male,Pedestrian
Peop628,88,75_or_older,Male,Passenger
Peop629,67,65_to_74,Female,Passenger
Peop630,39,26_to_39,Female,Passenger
Peop631,22,17_to_25,Male,Motorcycle pillion passenger
Peop632,1,0_to_16,Male,Pedestrian
Peop633,62,40_to_64,Male,Passenger
Peop634,52,40_to_64,Female,Motorcycle rider
Peop635,45,40_to_64,Female,Pedal cyclist
Peop636,7,0_to_16,Male,Passenger
Peop637,44,40_to_64,Female,Pedestrian
Peop638,13,0_to_16,Male,Driver
Peop639,7,0_to_16,Female,Passenger
Peop640,38,26_to_39,Female,Pedestrian
Peop641,3,0_to_16,Male,Pedestrian
Peop642,49,40_to_64,Female,Passenger
Peop643,36,26_to_39,Female,Other/-9
Peop644,47,40_to_64,Male,Other/-9
Peop645,52,40_to_64,Male,Passenger
Peop646,19,17_to_25,Male,Pedestrian
Peop647,47,40_to_64,Female,Pedal cyclist
Peop648,46,40_to_64,Male,Other/-9
Peop649,19,17_to_25,Female,Motorcycle pillion passenger
Peop650,59,40_to_64,Female,Pedestrian
Peop651,57,40_to_64,Female,Driver
Peop652,74,65_to_74,Male,Motorcycle rider
Peop653,92,75_or_older,Male,Pedestrian
Peop654,22,17_to_25,Male,Pedestrian
Peop655,19,-9,Male,Driver
Peop656,70,65_to_74,Female,Pedal cyclist
Peop657,56,40_to_64,Male,Other/-9
Peop658,47,40_to_64,Female,Pedestrian
Peop659,54,40_to_64,Female,Pedestrian
Peop660,44,40_to_64,Male,Pedal cyclist
Peop661,93,75_or_older,Female,Passenger
Peop662,27,26_to_39,Female,Motorcycle pillion passenger
Peop663,32,26_to_39,Male,Motorcycle pillion passenger
Peop664,90,75_or_older,Female,Pedestrian
Peop665,12,0_to_16,Female,Pedestrian
Peop666,62,40_to_64,Male,Pedal cyclist
Peop667,13,0_to_16,Male,Other/-9
Peop668,79,75_or_older,Male,Motorcycle rider
Peop669,80,75_or_older,Male,Pedal cyclist
Peop670,51,40_to_64,Female,Pedestrian
Peop671,98,75_or_older,Female,Driver
Peop672,72,65_to_74,Female,Passenger
Peop673,72,65_to_74,Male,Passenger
Peop674,19,17_to_25,Female,Pedestrian
Peop675,70,65_to_74,Male,Other/-9
Peop676,80,75_or_older,Male,Motorcycle rider
Peop677,39,26_to_39,Male,Motorcycle pillion passenger
Peop678,23,17_to_25,Female,Pedestrian
Peop679,-9,-9,Male,Driver
Peop680,74,65_to_74,Male,Pedal cyclist
Peop681,2,0_to_16,Female,Passenger
Peop682,20,17_to_25,Male,Pedal cyclist
Peop683,89,75_or_older,Male,Pedal cyclist
Peop684,81,75_or_older,Male,Motorcycle rider
Peop685,89,75_or_older,Male,Pedestrian
Peop686,79,75_or_older,Male,Pedal cyclist
Peop687,67,65_to_74,Female,Pedestrian
Peop688,84,75_or_older,Female,Motorcycle rider
Peop689,88,75_or_older,Male,Other/-9
Peop690,57,40_to_64,Female,Pedestrian
Peop691,54,40_to_64,Male,Pedestrian
Peop692,17,17_to_25,Female,Motorcycle pillion passenger
Peop693,65,65_to_74,Male,Passenger
Peop694,94,75_or_older,Female,Passenger
Peop695,55,40_to_64,Female,Passenger
Peop696,60,40_to_64,Male,Pedal cyclist
Peop697,68,65_to_74,Male,Pedestrian
Peop698,58,40_to_64,Female,Passenger
Peop699,85,75_or_older,Male,Passenger
Peop700,19,17_to_25,Male,Other/-9
Peop701,28,26_to_39,Female,Pedestrian
Peop702,52,40_to_64,Male,Pedal cyclist
Peop703,63,40_to_64,Female,Pedal cyclist
Peop704,6,0_to_16,Female,Passenger
Peop705,91,75_or_older,Female,Driver
Peop706,1,0_to_16,Male,Passenger
Peop707,83,75_or_older,Female,Passenger
Peop708,46,40_to_64,Female,Passenger
Peop709,40,40_to_64,Female,Motorcycle rider
Peop710,77,75_or_older,Female,Passenger
Peop711,82,75_or_older,Female,Pedestrian
Peop712,67,65_to_74,Male,Passenger
Peop713,61,40_to_64,Male,Other/-9
Peop714,79,75_or_older,Female,Pedal cyclist
Peop715,88,75_or_older,Male,Pedestrian
Peop716,64,40_to_64,Male,Passenger
Peop717,48,40_to_64,Female,Other/-9
Peop718,54,40_to_64,Male,Other/-9
Peop719,14,0_to_16,Female,Driver
Peop720,14,0_to_16,Female,Pedestrian
Peop721,10,0_to_16,Female,Passenger
Peop722,25,17_to_25,Male,Pedal cyclist
Peop723,41,40_to_64,Female,Pedal cyclist
Peop724,93,75_or_older,Male,Pedestrian
Peop725,21,17_to_25,Male,Pedal cyclist
Peop726,58,40_to_64,Female,Motorcycle rider
Peop727,77,75_or_older,Male,Passenger
Peop728,5,0_to_16,Female,Pedestrian
Peop729,22,17_to_25,Female,Motorcycle rider
Peop730,47,40_to_64,Female,Motorcycle pillion passenger
Peop731,-9,-9,Male,Other/-9
Peop732,41,40_to_64,Female,Motorcycle pillion passenger
Peop733,19,17_to_25,Male,Pedal cyclist
Peop734,40,40_to_64,Male,Pedal cyclist
Peop735,34,26_to_39,Female,Pedestrian
Peop736,6,0_to_16,Male,Pedestrian
Peop737,4,0_to_16,Male,Pedal cyclist
Peop738,17,17_to_25,Male,Motorcycle pillion passenger
Peop739,10,0_to_16,Female,Pedestrian
Peop740,17,17_to_25,Female,Motorcycle rider
Peop741,24,17_to_25,Male,Other/-9
Peop742,16,0_to_16,Female,Driver
Peop743,10,0_to_16,Male,Pedestrian
Peop744,34,26_to_39,Male,Other/-9
Peop745,53,40_to_64,Female,Passenger
Peop746,27,26_to_39,Female,Motorcycle rider
Peop747,20,17_to_25,Female,Pedal cyclist
Peop748,14,0_to_16,Male,Pedal cyclist
Peop749,55,40_to_64,Female,Pedal cyclist
Peop750,78,75_or_older,Male,Passenger
Peop751,8,0_to_16,Female,Pedestrian
Peop752,21,17_to_25,Male,Motorcycle pillion passenger
Peop753,68,65_to_74,Male,Other/-9
Peop754,8,0_to_16,Male,Pedal cyclist
Peop755,33,26_to_39,Female,Pedestrian
Peop756,29,26_to_39,Female,Motorcycle pillion passenger
Peop757,101,75_or_older,Male,Driver
Peop758,16,0_to_16,Male,Pedal cyclist
Peop759,34,26_to_39,Male,Pedal cyclist
Peop760,87,75_or_older,Male,Motorcycle rider
Peop761,50,40_to_64,Female,Pedal cyclist
Peop762,13,0_to_16,Male,Motorcycle rider
Peop763,76,75_or_older,Female,Motorcycle rider
Peop764,60,40_to_64,Female,Pedal cyclist
Peop765,46,40_to_64,Male,Pedal cyclist
Peop766,22,17_to_25,Female,Motorcycle pillion passenger
Peop767,75,75_or_older,Male,Pedestrian
Peop768,30,26_to_39,Male,Pedal cyclist
Peop769,43,40_to_64,Female,Motorcycle rider
Peop770,72,65_to_74,Female,Pedal cyclist
Peop771,-9,-9,-9,Pedestrian
Peop772,44,40_to_64,Female,Motorcycle rider
Peop773,32,26_to_39,Male,Pedal cyclist
Peop774,94,75_or_older,Female,Pedestrian
Peop775,22,17_to_25,Female,Pedal cyclist
Peop776,95,75_or_older,Female,Passenger
Peop777,81,75_or_older,Male,Passenger
Peop778,11,0_to_16,Female,Pedestrian
Peop779,59,40_to_64,Male,Passenger
Peop780,44,40_to_64,Female,Pedal cyclist
Peop781,89,75_or_older,Female,Pedestrian
Peop782,38,26_to_39,Male,Pedal cyclist
Peop783,54,40_to_64,Female,Motorcycle rider
Peop784,36,26_to_39,Female,Pedestrian
Peop785,24,17_to_25,Male,Pedal cyclist
Peop786,9,0_to_16,Male,Pedestrian
Peop787,56,40_to_64,Female,Motorcycle rider
Peop788,74,65_to_74,Male,Passenger
Peop789,32,26_to_39,Female,Pedal cyclist
Peop790,97,75_or_older,Male,Driver
Peop791,46,40_to_64,Female,Motorcycle rider
Peop792,65,65_to_74,Female,Pedal cyclist
Peop793,5,0_to_16,Male,Pedal cyclist
Peop794,52,40_to_64,Female,Pedal cyclist
Peop795,17,17_to_25,Male,Pedal cyclist
Peop796,9,0_to_16,Female,Passenger
Peop797,28,26_to_39,Male,Pedal cyclist
Peop798,50,40_to_64,Female,Other/-9
Peop799,35,26_to_39,Male,Pedal cyclist
Peop800,99,75_or_older,Male,Pedestrian
Peop801,95,75_or_older,Male,Pedestrian
Peop802,92,75_or_older,Male,Passenger
Peop803,71,65_to_74,Male,Passenger
Peop804,21,17_to_25,Female,Pedal cyclist
Peop805,69,65_to_74,Female,Motorcycle rider
Peop806,23,17_to_25,Male,Motorcycle pillion passenger
Peop807,48,40_to_64,Male,Pedal cyclist
Peop808,61,40_to_64,Female,Motorcycle pillion passenger
Peop809,60,40_to_64,Female,Pedestrian
Peop810,28,26_to_39,Female,Pedal cyclist
Peop811,13,0_to_16,Female,Passenger
Peop812,86,75_or_older,Female,Other/-9
Peop813,14,0_to_16,Female,Pedal cyclist
Peop814,50,40_to_64,Male,Pedal cyclist
Peop815,14,0_to_16,Male,Driver
Peop816,27,26_to_39,Female,Pedal cyclist
Peop817,71,65_to_74,Male,Other/-9
Peop818,59,40_to_64,Female,Other/-9
Peop819,65,65_to_74,Female,Other/-9
Peop820,0,0_to_16,-9,Passenger
Peop821,45,40_to_64,Female,Passenger
Peop822,41,40_to_64,Female,Pedestrian
Peop823,95,75_or_older,Male,Passenger
Peop824,30,26_to_39,Female,Motorcycle rider
Peop825,76,75_or_older,Male,Passenger
Peop826,77,75_or_older,Male,Pedal cyclist
Peop827,0,0_to_16,Male,Other/-9
Peop828,21,17_to_25,Female,Other/-9
Peop829,17,17_to_25,Female,Pedestrian
Peop830,46,40_to_64,Female,Pedestrian
Peop831,-9,-9,Female,Driver
Peop832,39,26_to_39,Female,Motorcycle rider
Peop833,23,17_to_25,Male,Pedal cyclist
Peop834,48,40_to_64,Male,Motorcycle pillion passenger
Peop835,94,75_or_older,Male,Other/-9
Peop836,73,65_to_74,Female,Motorcycle rider
Peop837,97,75_or_older,Male,Pedestrian
Peop838,19,17_to_25,Female,Pedal cyclist
Peop839,22,17_to_25,Female,Other/-9
Peop840,21,17_to_25,Male,Other/-9
Peop841,76,75_or_older,Female,Pedal cyclist
Peop842,42,40_to_64,Female,Pedal cyclist
Peop843,91,75_or_older,Male,Other/-9
Peop844,94,75_or_older,Male,Pedestrian
Peop845,96,75_or_older,Male,Passenger
Peop846,35,26_to_39,Female,Motorcycle rider
Peop847,6,0_to_16,Male,Motorcycle rider
Peop848,45,40_to_64,Female,Motorcycle rider
Peop849,91,75_or_older,Female,Pedestrian
Peop850,45,40_to_64,Female,Motorcycle pillion passenger
Peop851,101,75_or_older,Female,Passenger
Peop852,0,0_to_16,Female,Other/-9
Peop853,48,40_to_64,Female,Motorcycle rider
Peop854,35,26_to_39,Female,Pedal cyclist
Peop855,98,75_or_older,Female,Other/-9
Peop856,50,40_to_64,Female,Motorcycle pillion passenger
Peop857,49,40_to_64,Female,Motorcycle pillion passenger
Peop858,14,0_to_16,Male,Motorcycle pillion passenger
Peop859,61,40_to_64,Female,Other/-9
Peop860,16,0_to_16,Male,Motorcycle pillion passenger
Peop861,33,26_to_39,Female,Pedal cyclist
Peop862,36,26_to_39,Female,Motorcycle rider
Peop863,10,0_to_16,Female,Motorcycle pillion passenger
Peop864,31,26_to_39,Female,Motorcycle rider
Peop865,23,17_to_25,Male,Other/-9
Peop866,66,65_to_74,Female,Pedal cyclist
Peop867,51,40_to_64,Female,Motorcycle rider
Peop868,18,17_to_25,Male,Motorcycle pillion passenger
Peop869,5,0_to_16,Male,Other/-9
Peop870,12,0_to_16,Male,Pedal cyclist
Peop871,96,75_or_older,Male,Pedestrian
Peop872,92,75_or_older,Female,Passenger
Peop873,93,75_or_older,Male,Pedal cyclist
Peop874,88,75_or_older,Male,Pedal cyclist
Peop875,43,40_to_64,Female,Motorcycle pillion passenger
Peop876,31,26_to_39,Male,Motorcycle pillion passenger
Peop877,84,75_or_older,Male,Motorcycle rider
Peop878,92,75_or_older,Male,Pedal cyclist
Peop879,35,26_to_39,Male,Other/-9
Peop880,42,40_to_64,Female,Motorcycle rider
Peop881,42,40_to_64,Female,Motorcycle pillion passenger
Peop882,28,26_to_39,Female,Motorcycle pillion passenger
Peop883,37,26_to_39,Female,Pedal cyclist
Peop884,7,0_to_16,Male,Driver
Peop885,97,75_or_older,Female,Driver
Peop886,26,26_to_39,Male,Motorcycle pillion passenger
Peop887,64,40_to_64,Female,Motorcycle rider
Peop888,43,40_to_64,Female,Pedal cyclist
Peop889,86,75_or_older,Male,Motorcycle rider
Peop890,49,40_to_64,Female,Pedal cyclist
Peop891,33,26_to_39,Male,Pedal cyclist
