TimeID,Hour,TimeGroup
1,4.0,Early Morning
2,6.0,Morning
3,9.0,Morning
4,10.0,Morning
5,11.0,Morning
6,13.0,Afternoon
7,13.0,Afternoon
8,17.0,Afternoon
9,19.0,Evening
10,19.0,Evening
11,19.0,Evening
12,22.0,Night
13,23.0,Night
14,23.0,Night
15,1.0,Early Morning
16,1.0,Early Morning
17,2.0,Early Morning
18,9.0,Morning
19,10.0,Morning
20,10.0,Morning
21,12.0,Afternoon
22,13.0,Afternoon
23,14.0,Afternoon
24,14.0,Afternoon
25,15.0,Afternoon
26,16.0,Afternoon
27,19.0,Evening
28,20.0,Evening
29,21.0,Night
30,21.0,Night
31,2.0,Early Morning
32,3.0,Early Morning
33,4.0,Early Morning
34,4.0,Early Morning
35,8.0,Morning
36,10.0,Morning
37,10.0,Morning
38,11.0,Morning
39,11.0,Morning
40,12.0,Afternoon
41,14.0,Afternoon
42,15.0,Afternoon
43,15.0,Afternoon
44,15.0,Afternoon
45,15.0,Afternoon
46,16.0,Afternoon
47,20.0,Evening
48,21.0,Night
49,22.0,Night
50,2.0,Early Morning
51,6.0,Morning
52,8.0,Morning
53,8.0,Morning
54,11.0,Morning
55,12.0,Afternoon
56,12.0,Afternoon
57,12.0,Afternoon
58,12.0,Afternoon
59,12.0,Afternoon
60,13.0,Afternoon
61,14.0,Afternoon
62,14.0,Afternoon
63,14.0,Afternoon
64,17.0,Afternoon
65,17.0,Afternoon
66,18.0,Evening
67,18.0,Evening
68,22.0,Night
69,23.0,Night
70,1.0,Early Morning
71,9.0,Morning
72,9.0,Morning
73,12.0,Afternoon
74,15.0,Afternoon
75,16.0,Afternoon
76,17.0,Afternoon
77,22.0,Night
78,6.0,Morning
79,8.0,Morning
80,11.0,Morning
81,13.0,Afternoon
82,13.0,Afternoon
83,17.0,Afternoon
84,18.0,Evening
85,21.0,Night
86,22.0,Night
87,23.0,Night
88,0.0,Early Morning
89,12.0,Afternoon
90,12.0,Afternoon
91,19.0,Evening
92,4.0,Early Morning
93,7.0,Morning
94,7.0,Morning
95,10.0,Morning
96,10.0,Morning
97,10.0,Morning
98,12.0,Afternoon
99,14.0,Afternoon
100,17.0,Afternoon
101,18.0,Evening
102,20.0,Evening
103,21.0,Night
104,22.0,Night
105,3.0,Early Morning
106,6.0,Morning
107,6.0,Morning
108,10.0,Morning
109,12.0,Afternoon
110,14.0,Afternoon
111,15.0,Afternoon
112,15.0,Afternoon
113,15.0,Afternoon
114,15.0,Afternoon
115,16.0,Afternoon
116,17.0,Afternoon
117,3.0,Early Morning
118,5.0,Early Morning
119,9.0,Morning
120,10.0,Morning
121,11.0,Morning
122,11.0,Morning
123,11.0,Morning
124,15.0,Afternoon
125,17.0,Afternoon
126,17.0,Afternoon
127,18.0,Evening
128,18.0,Evening
129,21.0,Night
130,21.0,Night
131,23.0,Night
132,23.0,Night
133,23.0,Night
134,1.0,Early Morning
135,2.0,Early Morning
136,3.0,Early Morning
137,7.0,Morning
138,8.0,Morning
139,9.0,Morning
140,10.0,Morning
141,11.0,Morning
142,12.0,Afternoon
143,17.0,Afternoon
144,0.0,Early Morning
145,4.0,Early Morning
146,5.0,Early Morning
147,12.0,Afternoon
148,16.0,Afternoon
149,17.0,Afternoon
150,18.0,Evening
151,5.0,Early Morning
152,8.0,Morning
153,8.0,Morning
154,10.0,Morning
155,11.0,Morning
156,11.0,Morning
157,12.0,Afternoon
158,12.0,Afternoon
159,14.0,Afternoon
160,16.0,Afternoon
161,17.0,Afternoon
162,18.0,Evening
163,20.0,Evening
164,23.0,Night
165,1.0,Early Morning
166,21.0,Night
167,22.0,Night
168,23.0,Night
169,6.0,Morning
170,11.0,Morning
171,15.0,Afternoon
172,16.0,Afternoon
173,16.0,Afternoon
174,17.0,Afternoon
175,19.0,Evening
176,22.0,Night
177,22.0,Night
178,23.0,Night
179,0.0,Early Morning
180,6.0,Morning
181,8.0,Morning
182,10.0,Morning
183,14.0,Afternoon
184,14.0,Afternoon
185,16.0,Afternoon
186,5.0,Early Morning
187,5.0,Early Morning
188,13.0,Afternoon
189,16.0,Afternoon
190,16.0,Afternoon
191,19.0,Evening
192,0.0,Early Morning
193,1.0,Early Morning
194,7.0,Morning
195,9.0,Morning
196,11.0,Morning
197,13.0,Afternoon
198,13.0,Afternoon
199,14.0,Afternoon
200,14.0,Afternoon
201,16.0,Afternoon
202,3.0,Early Morning
203,4.0,Early Morning
204,8.0,Morning
205,13.0,Afternoon
206,15.0,Afternoon
207,16.0,Afternoon
208,17.0,Afternoon
209,18.0,Evening
210,21.0,Night
211,0.0,Early Morning
212,5.0,Early Morning
213,20.0,Evening
214,21.0,Night
215,4.0,Early Morning
216,13.0,Afternoon
217,13.0,Afternoon
218,15.0,Afternoon
219,21.0,Night
220,23.0,Night
221,2.0,Early Morning
222,8.0,Morning
223,12.0,Afternoon
224,12.0,Afternoon
225,20.0,Evening
226,20.0,Evening
227,20.0,Evening
228,21.0,Night
229,10.0,Morning
230,11.0,Morning
231,17.0,Afternoon
232,4.0,Early Morning
233,9.0,Morning
234,10.0,Morning
235,11.0,Morning
236,15.0,Afternoon
237,17.0,Afternoon
238,19.0,Evening
239,22.0,Night
240,7.0,Morning
241,10.0,Morning
242,12.0,Afternoon
243,19.0,Evening
244,21.0,Night
245,21.0,Night
246,1.0,Early Morning
247,5.0,Early Morning
248,7.0,Morning
249,12.0,Afternoon
250,12.0,Afternoon
251,21.0,Night
252,8.0,Morning
253,12.0,Afternoon
254,19.0,Evening
255,22.0,Night
256,9.0,Morning
257,13.0,Afternoon
258,15.0,Afternoon
259,16.0,Afternoon
260,17.0,Afternoon
261,18.0,Evening
262,18.0,Evening
263,22.0,Night
264,8.0,Morning
265,13.0,Afternoon
266,18.0,Evening
267,19.0,Evening
268,0.0,Early Morning
269,5.0,Early Morning
270,7.0,Morning
271,9.0,Morning
272,10.0,Morning
273,15.0,Afternoon
274,17.0,Afternoon
275,17.0,Afternoon
276,19.0,Evening
277,0.0,Early Morning
278,10.0,Morning
279,14.0,Afternoon
280,18.0,Evening
281,19.0,Evening
282,22.0,Night
283,23.0,Night
284,0.0,Early Morning
285,1.0,Early Morning
286,6.0,Morning
287,19.0,Evening
288,15.0,Afternoon
289,15.0,Afternoon
290,18.0,Evening
291,21.0,Night
292,4.0,Early Morning
293,6.0,Morning
294,19.0,Evening
295,20.0,Evening
296,20.0,Evening
297,9.0,Morning
298,19.0,Evening
299,22.0,Night
300,22.0,Night
301,11.0,Morning
302,12.0,Afternoon
303,12.0,Afternoon
304,8.0,Morning
305,8.0,Morning
306,11.0,Morning
307,12.0,Afternoon
308,13.0,Afternoon
309,19.0,Evening
310,20.0,Evening
311,22.0,Night
312,23.0,Night
313,0.0,Early Morning
314,9.0,Morning
315,19.0,Evening
316,23.0,Night
317,4.0,Early Morning
318,7.0,Morning
319,9.0,Morning
320,10.0,Morning
321,19.0,Evening
322,9.0,Morning
323,11.0,Morning
324,16.0,Afternoon
325,17.0,Afternoon
326,6.0,Morning
327,8.0,Morning
328,11.0,Morning
329,14.0,Afternoon
330,14.0,Afternoon
331,15.0,Afternoon
332,18.0,Evening
333,20.0,Evening
334,1.0,Early Morning
335,4.0,Early Morning
336,6.0,Morning
337,6.0,Morning
338,13.0,Afternoon
339,17.0,Afternoon
340,22.0,Night
341,8.0,Morning
342,14.0,Afternoon
343,16.0,Afternoon
344,19.0,Evening
345,13.0,Afternoon
346,19.0,Evening
347,21.0,Night
348,22.0,Night
349,3.0,Early Morning
350,9.0,Morning
351,12.0,Afternoon
352,12.0,Afternoon
353,14.0,Afternoon
354,16.0,Afternoon
355,20.0,Evening
356,23.0,Night
357,10.0,Morning
358,17.0,Afternoon
359,18.0,Evening
360,19.0,Evening
361,5.0,Early Morning
362,7.0,Morning
363,11.0,Morning
364,0.0,Early Morning
365,3.0,Early Morning
366,11.0,Morning
367,13.0,Afternoon
368,21.0,Night
369,21.0,Night
370,18.0,Evening
371,18.0,Evening
372,3.0,Early Morning
373,9.0,Morning
374,17.0,Afternoon
375,19.0,Evening
376,16.0,Afternoon
377,5.0,Early Morning
378,16.0,Afternoon
379,19.0,Evening
380,22.0,Night
381,22.0,Night
382,7.0,Morning
383,12.0,Afternoon
384,20.0,Evening
385,6.0,Morning
386,7.0,Morning
387,11.0,Morning
388,22.0,Night
389,0.0,Early Morning
390,4.0,Early Morning
391,5.0,Early Morning
392,15.0,Afternoon
393,16.0,Afternoon
394,18.0,Evening
395,20.0,Evening
396,21.0,Night
397,23.0,Night
398,0.0,Early Morning
399,1.0,Early Morning
400,12.0,Afternoon
401,15.0,Afternoon
402,18.0,Evening
403,4.0,Early Morning
404,7.0,Morning
405,14.0,Afternoon
406,19.0,Evening
407,1.0,Early Morning
408,1.0,Early Morning
409,2.0,Early Morning
410,7.0,Morning
411,22.0,Night
412,0.0,Early Morning
413,9.0,Morning
414,9.0,Morning
415,13.0,Afternoon
416,14.0,Afternoon
417,2.0,Early Morning
418,7.0,Morning
419,8.0,Morning
420,9.0,Morning
421,11.0,Morning
422,12.0,Afternoon
423,13.0,Afternoon
424,13.0,Afternoon
425,18.0,Evening
426,12.0,Afternoon
427,14.0,Afternoon
428,4.0,Early Morning
429,1.0,Early Morning
430,1.0,Early Morning
431,3.0,Early Morning
432,3.0,Early Morning
433,5.0,Early Morning
434,11.0,Morning
435,13.0,Afternoon
436,13.0,Afternoon
437,14.0,Afternoon
438,14.0,Afternoon
439,15.0,Afternoon
440,17.0,Afternoon
441,17.0,Afternoon
442,23.0,Night
443,23.0,Night
444,2.0,Early Morning
445,6.0,Morning
446,8.0,Morning
447,11.0,Morning
448,13.0,Afternoon
449,14.0,Afternoon
450,22.0,Night
451,7.0,Morning
452,9.0,Morning
453,19.0,Evening
454,20.0,Evening
455,21.0,Night
456,0.0,Early Morning
457,5.0,Early Morning
458,20.0,Evening
459,5.0,Early Morning
460,7.0,Morning
461,2.0,Early Morning
462,14.0,Afternoon
463,3.0,Early Morning
464,7.0,Morning
465,9.0,Morning
466,16.0,Afternoon
467,20.0,Evening
468,2.0,Early Morning
469,5.0,Early Morning
470,10.0,Morning
471,16.0,Afternoon
472,17.0,Afternoon
473,21.0,Night
474,11.0,Morning
475,13.0,Afternoon
476,14.0,Afternoon
477,19.0,Evening
478,0.0,Early Morning
479,12.0,Afternoon
480,14.0,Afternoon
481,2.0,Early Morning
482,17.0,Afternoon
483,20.0,Evening
484,6.0,Morning
485,8.0,Morning
486,13.0,Afternoon
487,7.0,Morning
488,13.0,Afternoon
489,20.0,Evening
490,16.0,Afternoon
491,0.0,Early Morning
492,21.0,Night
493,9.0,Morning
494,15.0,Afternoon
495,21.0,Night
496,0.0,Early Morning
497,2.0,Early Morning
498,16.0,Afternoon
499,0.0,Early Morning
500,0.0,Early Morning
501,8.0,Morning
502,10.0,Morning
503,11.0,Morning
504,5.0,Early Morning
505,7.0,Morning
506,9.0,Morning
507,16.0,Afternoon
508,4.0,Early Morning
509,11.0,Morning
510,13.0,Afternoon
511,14.0,Afternoon
512,20.0,Evening
513,21.0,Night
514,21.0,Night
515,23.0,Night
516,1.0,Early Morning
517,4.0,Early Morning
518,16.0,Afternoon
519,10.0,Morning
520,12.0,Afternoon
521,12.0,Afternoon
522,15.0,Afternoon
523,23.0,Night
524,17.0,Afternoon
525,18.0,Evening
526,19.0,Evening
527,20.0,Evening
528,22.0,Night
529,6.0,Morning
530,10.0,Morning
531,14.0,Afternoon
532,15.0,Afternoon
533,21.0,Night
534,7.0,Morning
535,8.0,Morning
536,10.0,Morning
537,15.0,Afternoon
538,2.0,Early Morning
539,12.0,Afternoon
540,13.0,Afternoon
541,6.0,Morning
542,20.0,Evening
543,2.0,Early Morning
544,9.0,Morning
545,13.0,Afternoon
546,21.0,Night
547,23.0,Night
548,14.0,Afternoon
549,3.0,Early Morning
550,5.0,Early Morning
551,6.0,Morning
552,13.0,Afternoon
553,14.0,Afternoon
554,21.0,Night
555,23.0,Night
556,5.0,Early Morning
557,14.0,Afternoon
558,18.0,Evening
559,20.0,Evening
560,10.0,Morning
561,11.0,Morning
562,15.0,Afternoon
563,18.0,Evening
564,23.0,Night
565,1.0,Early Morning
566,5.0,Early Morning
567,8.0,Morning
568,7.0,Morning
569,9.0,Morning
570,16.0,Afternoon
571,18.0,Evening
572,6.0,Morning
573,8.0,Morning
574,23.0,Night
575,17.0,Afternoon
576,12.0,Afternoon
577,4.0,Early Morning
578,15.0,Afternoon
579,16.0,Afternoon
580,2.0,Early Morning
581,20.0,Evening
582,21.0,Night
583,1.0,Early Morning
584,3.0,Early Morning
585,5.0,Early Morning
586,11.0,Morning
587,14.0,Afternoon
588,22.0,Night
589,20.0,Evening
590,22.0,Night
591,12.0,Afternoon
592,16.0,Afternoon
593,0.0,Early Morning
594,3.0,Early Morning
595,7.0,Morning
596,14.0,Afternoon
597,1.0,Early Morning
598,3.0,Early Morning
599,9.0,Morning
600,11.0,Morning
601,23.0,Night
602,0.0,Early Morning
603,2.0,Early Morning
604,18.0,Evening
605,18.0,Evening
606,21.0,Night
607,15.0,Afternoon
608,17.0,Afternoon
609,5.0,Early Morning
610,8.0,Morning
611,16.0,Afternoon
612,9.0,Morning
613,4.0,Early Morning
614,10.0,Morning
615,15.0,Afternoon
616,15.0,Afternoon
617,18.0,Evening
618,23.0,Night
619,19.0,Evening
620,19.0,Evening
621,19.0,Evening
622,6.0,Morning
623,10.0,Morning
624,14.0,Afternoon
625,18.0,Evening
626,0.0,Early Morning
627,8.0,Morning
628,20.0,Evening
629,20.0,Evening
630,20.0,Evening
631,9.0,Morning
632,22.0,Night
633,23.0,Night
634,9.0,Morning
635,1.0,Early Morning
636,11.0,Morning
637,13.0,Afternoon
638,14.0,Afternoon
639,4.0,Early Morning
640,5.0,Early Morning
641,6.0,Morning
642,9.0,Morning
643,5.0,Early Morning
644,8.0,Morning
645,15.0,Afternoon
646,0.0,Early Morning
647,3.0,Early Morning
648,6.0,Morning
649,8.0,Morning
650,7.0,Morning
651,5.0,Early Morning
652,16.0,Afternoon
653,17.0,Afternoon
654,17.0,Afternoon
655,14.0,Afternoon
656,16.0,Afternoon
657,18.0,Evening
658,18.0,Evening
659,19.0,Evening
660,9.0,Morning
661,13.0,Afternoon
662,16.0,Afternoon
663,23.0,Night
664,7.0,Morning
665,11.0,Morning
666,1.0,Early Morning
667,21.0,Night
668,6.0,Morning
669,12.0,Afternoon
670,15.0,Afternoon
671,10.0,Morning
672,23.0,Night
673,9.0,Morning
674,14.0,Afternoon
675,15.0,Afternoon
676,13.0,Afternoon
677,0.0,Early Morning
678,3.0,Early Morning
679,14.0,Afternoon
680,16.0,Afternoon
681,19.0,Evening
682,10.0,Morning
683,14.0,Afternoon
684,0.0,Early Morning
685,10.0,Morning
686,15.0,Afternoon
687,16.0,Afternoon
688,23.0,Night
689,11.0,Morning
690,7.0,Morning
691,9.0,Morning
692,15.0,Afternoon
693,16.0,Afternoon
694,17.0,Afternoon
695,23.0,Night
696,10.0,Morning
697,22.0,Night
698,1.0,Early Morning
699,5.0,Early Morning
700,11.0,Morning
701,12.0,Afternoon
702,5.0,Early Morning
703,8.0,Morning
704,13.0,Afternoon
705,13.0,Afternoon
706,19.0,Evening
707,21.0,Night
708,9.0,Morning
709,0.0,Early Morning
710,6.0,Morning
711,6.0,Morning
712,7.0,Morning
713,14.0,Afternoon
714,10.0,Morning
715,12.0,Afternoon
716,15.0,Afternoon
717,14.0,Afternoon
718,15.0,Afternoon
719,7.0,Morning
720,8.0,Morning
721,12.0,Afternoon
722,12.0,Afternoon
723,13.0,Afternoon
724,16.0,Afternoon
725,22.0,Night
726,2.0,Early Morning
727,19.0,Evening
728,14.0,Afternoon
729,16.0,Afternoon
730,20.0,Evening
731,4.0,Early Morning
732,17.0,Afternoon
733,18.0,Evening
734,18.0,Evening
735,7.0,Morning
736,7.0,Morning
737,10.0,Morning
738,16.0,Afternoon
739,18.0,Evening
740,9.0,Morning
741,13.0,Afternoon
742,15.0,Afternoon
743,0.0,Early Morning
744,6.0,Morning
745,11.0,Morning
746,16.0,Afternoon
747,20.0,Evening
748,6.0,Morning
749,13.0,Afternoon
750,14.0,Afternoon
751,15.0,Afternoon
752,16.0,Afternoon
753,20.0,Evening
754,23.0,Night
755,1.0,Early Morning
756,10.0,Morning
757,17.0,Afternoon
758,19.0,Evening
759,21.0,Night
760,19.0,Evening
761,4.0,Early Morning
762,15.0,Afternoon
763,21.0,Night
764,16.0,Afternoon
765,18.0,Evening
766,16.0,Afternoon
767,18.0,Evening
768,19.0,Evening
769,22.0,Night
770,23.0,Night
771,11.0,Morning
772,16.0,Afternoon
773,10.0,Morning
774,12.0,Afternoon
775,20.0,Evening
776,1.0,Early Morning
777,13.0,Afternoon
778,21.0,Night
779,12.0,Afternoon
780,0.0,Early Morning
781,14.0,Afternoon
782,19.0,Evening
783,23.0,Night
784,9.0,Morning
785,16.0,Afternoon
786,22.0,Night
787,8.0,Morning
788,10.0,Morning
789,12.0,Afternoon
790,20.0,Evening
791,13.0,Afternoon
792,14.0,Afternoon
793,21.0,Night
794,21.0,Night
795,21.0,Night
796,0.0,Early Morning
797,19.0,Evening
798,5.0,Early Morning
799,16.0,Afternoon
800,20.0,Evening
801,19.0,Evening
802,2.0,Early Morning
803,17.0,Afternoon
804,4.0,Early Morning
805,9.0,Morning
806,18.0,Evening
807,19.0,Evening
808,20.0,Evening
809,10.0,Morning
810,23.0,Night
811,22.0,Night
812,8.0,Morning
813,16.0,Afternoon
814,21.0,Night
815,2.0,Early Morning
816,13.0,Afternoon
817,2.0,Early Morning
818,6.0,Morning
819,18.0,Evening
820,19.0,Evening
821,3.0,Early Morning
822,7.0,Morning
823,8.0,Morning
824,8.0,Morning
825,13.0,Afternoon
826,3.0,Early Morning
827,22.0,Night
828,23.0,Night
829,20.0,Evening
830,3.0,Early Morning
831,17.0,Afternoon
832,2.0,Early Morning
833,6.0,Morning
834,17.0,Afternoon
835,20.0,Evening
836,2.0,Early Morning
837,6.0,Morning
838,23.0,Night
839,1.0,Early Morning
840,18.0,Evening
841,18.0,Evening
842,1.0,Early Morning
843,16.0,Afternoon
844,0.0,Early Morning
845,7.0,Morning
846,15.0,Afternoon
847,19.0,Evening
848,23.0,Night
849,7.0,Morning
850,11.0,Morning
851,19.0,Evening
852,8.0,Morning
853,8.0,Morning
854,16.0,Afternoon
855,18.0,Evening
856,8.0,Morning
857,13.0,Afternoon
858,14.0,Afternoon
859,1.0,Early Morning
860,6.0,Morning
861,10.0,Morning
862,15.0,Afternoon
863,3.0,Early Morning
864,15.0,Afternoon
865,20.0,Evening
866,11.0,Morning
867,17.0,Afternoon
868,7.0,Morning
869,12.0,Afternoon
870,0.0,Early Morning
871,8.0,Morning
872,0.0,Early Morning
873,13.0,Afternoon
874,7.0,Morning
875,8.0,Morning
876,17.0,Afternoon
877,17.0,Afternoon
878,21.0,Night
879,5.0,Early Morning
880,10.0,Morning
881,12.0,Afternoon
882,12.0,Afternoon
883,1.0,Early Morning
884,19.0,Evening
885,5.0,Early Morning
886,6.0,Morning
887,15.0,Afternoon
888,4.0,Early Morning
889,18.0,Evening
890,19.0,Evening
891,17.0,Afternoon
892,18.0,Evening
893,6.0,Morning
894,11.0,Morning
895,0.0,Early Morning
896,3.0,Early Morning
897,18.0,Evening
898,0.0,Early Morning
899,3.0,Early Morning
900,23.0,Night
901,20.0,Evening
902,14.0,Afternoon
903,0.0,Early Morning
904,6.0,Morning
905,9.0,Morning
906,11.0,Morning
907,12.0,Afternoon
908,1.0,Early Morning
909,3.0,Early Morning
910,14.0,Afternoon
911,14.0,Afternoon
912,17.0,Afternoon
913,20.0,Evening
914,16.0,Afternoon
915,21.0,Night
916,20.0,Evening
917,9.0,Morning
918,16.0,Afternoon
919,2.0,Early Morning
920,20.0,Evening
921,12.0,Afternoon
922,16.0,Afternoon
923,1.0,Early Morning
924,16.0,Afternoon
925,4.0,Early Morning
926,7.0,Morning
927,13.0,Afternoon
928,23.0,Night
929,8.0,Morning
930,11.0,Morning
931,21.0,Night
932,11.0,Morning
933,16.0,Afternoon
934,13.0,Afternoon
935,17.0,Afternoon
936,5.0,Early Morning
937,0.0,Early Morning
938,11.0,Morning
939,2.0,Early Morning
940,7.0,Morning
941,19.0,Evening
942,2.0,Early Morning
943,23.0,Night
944,14.0,Afternoon
945,17.0,Afternoon
946,17.0,Afternoon
947,18.0,Evening
948,7.0,Morning
949,3.0,Early Morning
950,6.0,Morning
951,23.0,Night
952,7.0,Morning
953,7.0,Morning
954,8.0,Morning
955,22.0,Night
956,10.0,Morning
957,23.0,Night
958,10.0,Morning
959,7.0,Morning
960,9.0,Morning
961,13.0,Afternoon
962,22.0,Night
963,8.0,Morning
964,6.0,Morning
965,8.0,Morning
966,11.0,Morning
967,11.0,Morning
968,16.0,Afternoon
969,20.0,Evening
970,14.0,Afternoon
971,22.0,Night
972,1.0,Early Morning
973,7.0,Morning
974,3.0,Early Morning
975,8.0,Morning
976,20.0,Evening
977,21.0,Night
978,5.0,Early Morning
979,1.0,Early Morning
980,11.0,Morning
981,13.0,Afternoon
982,9.0,Morning
983,11.0,Morning
984,17.0,Afternoon
985,23.0,Night
986,10.0,Morning
987,2.0,Early Morning
988,6.0,Morning
989,9.0,Morning
990,1.0,Early Morning
991,10.0,Morning
992,18.0,Evening
993,10.0,Morning
994,21.0,Night
995,1.0,Early Morning
996,14.0,Afternoon
997,10.0,Morning
998,16.0,Afternoon
999,10.0,Morning
1000,17.0,Afternoon
1001,22.0,Night
1002,18.0,Evening
1003,1.0,Early Morning
1004,15.0,Afternoon
1005,1.0,Early Morning
1006,4.0,Early Morning
1007,10.0,Morning
1008,10.0,Morning
1009,22.0,Night
1010,22.0,Night
1011,3.0,Early Morning
1012,23.0,Night
1013,1.0,Early Morning
1014,20.0,Evening
1015,21.0,Night
1016,23.0,Night
1017,6.0,Morning
1018,3.0,Early Morning
1019,21.0,Night
1020,1.0,Early Morning
1021,19.0,Evening
1022,19.0,Evening
1023,9.0,Morning
1024,17.0,Afternoon
1025,23.0,Night
1026,0.0,Early Morning
1027,6.0,Morning
1028,11.0,Morning
1029,7.0,Morning
1030,18.0,Evening
1031,21.0,Night
1032,8.0,Morning
1033,8.0,Morning
1034,2.0,Early Morning
1035,11.0,Morning
1036,21.0,Night
1037,6.0,Morning
1038,22.0,Night
1039,22.0,Night
1040,3.0,Early Morning
1041,2.0,Early Morning
1042,17.0,Afternoon
1043,1.0,Early Morning
1044,5.0,Early Morning
1045,5.0,Early Morning
1046,3.0,Early Morning
1047,6.0,Morning
1048,3.0,Early Morning
1049,3.0,Early Morning
1050,19.0,Evening
1051,16.0,Afternoon
1052,2.0,Early Morning
1053,5.0,Early Morning
1054,17.0,Afternoon
1055,19.0,Evening
1056,12.0,Afternoon
1057,18.0,Evening
1058,13.0,Afternoon
1059,13.0,Afternoon
1060,10.0,Morning
1061,20.0,Evening
1062,18.0,Evening
1063,8.0,Morning
1064,11.0,Morning
1065,0.0,Early Morning
1066,14.0,Afternoon
1067,3.0,Early Morning
1068,7.0,Morning
1069,19.0,Evening
1070,23.0,Night
1071,2.0,Early Morning
1072,7.0,Morning
1073,4.0,Early Morning
1074,6.0,Morning
1075,13.0,Afternoon
1076,13.0,Afternoon
1077,22.0,Night
1078,5.0,Early Morning
1079,0.0,Early Morning
1080,6.0,Morning
1081,6.0,Morning
1082,15.0,Afternoon
1083,4.0,Early Morning
1084,4.0,Early Morning
1085,4.0,Early Morning
1086,15.0,Afternoon
1087,2.0,Early Morning
1088,22.0,Night
1089,3.0,Early Morning
1090,4.0,Early Morning
1091,5.0,Early Morning
1092,13.0,Afternoon
1093,14.0,Afternoon
1094,15.0,Afternoon
1095,18.0,Evening
1096,2.0,Early Morning
1097,5.0,Early Morning
1098,0.0,Early Morning
1099,23.0,Night
1100,4.0,Early Morning
1101,2.0,Early Morning
1102,22.0,Night
1103,6.0,Morning
1104,21.0,Night
1105,4.0,Early Morning
1106,21.0,Night
1107,10.0,Morning
1108,20.0,Evening
1109,5.0,Early Morning
1110,3.0,Early Morning
1111,17.0,Afternoon
1112,21.0,Night
1113,22.0,Night
1114,9.0,Morning
1115,15.0,Afternoon
1116,12.0,Afternoon
1117,2.0,Early Morning
1118,13.0,Afternoon
1119,11.0,Morning
1120,13.0,Afternoon
1121,20.0,Evening
1122,12.0,Afternoon
1123,15.0,Afternoon
1124,16.0,Afternoon
1125,5.0,Early Morning
1126,8.0,Morning
1127,8.0,Morning
1128,14.0,Afternoon
1129,14.0,Afternoon
1130,8.0,Morning
1131,15.0,Afternoon
1132,9.0,Morning
1133,10.0,Morning
1134,2.0,Early Morning
1135,0.0,Early Morning
1136,5.0,Early Morning
1137,5.0,Early Morning
1138,20.0,Evening
1139,0.0,Early Morning
1140,4.0,Early Morning
1141,1.0,Early Morning
1142,4.0,Early Morning
1143,17.0,Afternoon
1144,17.0,Afternoon
1145,9.0,Morning
1146,2.0,Early Morning
1147,3.0,Early Morning
1148,6.0,Morning
1149,2.0,Early Morning
1150,7.0,Morning
1151,12.0,Afternoon
1152,11.0,Morning
1153,7.0,Morning
1154,7.0,Morning
1155,4.0,Early Morning
1156,10.0,Morning
1157,22.0,Night
1158,7.0,Morning
1159,12.0,Afternoon
1160,17.0,Afternoon
1161,9.0,Morning
1162,0.0,Early Morning
1163,2.0,Early Morning
1164,6.0,Morning
1165,14.0,Afternoon
1166,7.0,Morning
1167,3.0,Early Morning
1168,15.0,Afternoon
1169,5.0,Early Morning
1170,10.0,Morning
1171,1.0,Early Morning
1172,1.0,Early Morning
1173,19.0,Evening
1174,22.0,Night
1175,20.0,Evening
1176,15.0,Afternoon
1177,4.0,Early Morning
1178,5.0,Early Morning
1179,6.0,Morning
1180,22.0,Night
1181,4.0,Early Morning
1182,8.0,Morning
1183,5.0,Early Morning
1184,9.0,Morning
1185,23.0,Night
1186,8.0,Morning
1187,15.0,Afternoon
1188,9.0,Morning
1189,18.0,Evening
1190,19.0,Evening
1191,15.0,Afternoon
1192,7.0,Morning
1193,23.0,Night
1194,7.0,Morning
1195,6.0,Morning
1196,2.0,Early Morning
1197,12.0,Afternoon
1198,5.0,Early Morning
1199,21.0,Night
1200,22.0,Night
1201,22.0,Night
1202,4.0,Early Morning
1203,8.0,Morning
1204,22.0,Night
1205,1.0,Early Morning
1206,5.0,Early Morning
1207,2.0,Early Morning
1208,21.0,Night
1209,17.0,Afternoon
1210,1.0,Early Morning
1211,17.0,Afternoon
1212,18.0,Evening
1213,7.0,Morning
1214,8.0,Morning
1215,20.0,Evening
1216,6.0,Morning
1217,13.0,Afternoon
1218,6.0,Morning
1219,10.0,Morning
1220,4.0,Early Morning
1221,2.0,Early Morning
1222,3.0,Early Morning
1223,4.0,Early Morning
1224,8.0,Morning
1225,21.0,Night
1226,1.0,Early Morning
1227,17.0,Afternoon
1228,6.0,Morning
1229,0.0,Early Morning
1230,1.0,Early Morning
1231,17.0,Afternoon
1232,7.0,Morning
1233,14.0,Afternoon
1234,11.0,Morning
1235,0.0,Early Morning
1236,22.0,Night
1237,6.0,Morning
1238,8.0,Morning
1239,11.0,Morning
1240,21.0,Night
1241,7.0,Morning
1242,19.0,Evening
1243,0.0,Early Morning
1244,0.0,Early Morning
1245,1.0,Early Morning
1246,2.0,Early Morning
1247,18.0,Evening
1248,1.0,Early Morning
1249,20.0,Evening
1250,0.0,Early Morning
1251,4.0,Early Morning
1252,4.0,Early Morning
1253,5.0,Early Morning
1254,18.0,Evening
1255,11.0,Morning
1256,0.0,Early Morning
1257,7.0,Morning
1258,12.0,Afternoon
1259,3.0,Early Morning
1260,0.0,Early Morning
1261,11.0,Morning
1262,4.0,Early Morning
1263,2.0,Early Morning
1264,19.0,Evening
1265,0.0,Early Morning
1266,15.0,Afternoon
1267,3.0,Early Morning
1268,6.0,Morning
1269,9.0,Morning
1270,4.0,Early Morning
1271,10.0,Morning
1272,0.0,Early Morning
1273,2.0,Early Morning
1274,12.0,Afternoon
1275,3.0,Early Morning
1276,9.0,Morning
1277,5.0,Early Morning
1278,23.0,Night
1279,7.0,Morning
1280,19.0,Evening
1281,13.0,Afternoon
1282,2.0,Early Morning
1283,4.0,Early Morning
1284,18.0,Evening
1285,0.0,Early Morning
1286,0.0,Early Morning
1287,11.0,Morning
1288,21.0,Night
1289,20.0,Evening
1290,1.0,Early Morning
1291,9.0,Morning
1292,15.0,Afternoon
1293,22.0,Night
1294,21.0,Night
1295,9.0,Morning
1296,20.0,Evening
1297,20.0,Evening
1298,7.0,Morning
1299,16.0,Afternoon
1300,10.0,Morning
1301,2.0,Early Morning
1302,9.0,Morning
1303,1.0,Early Morning
1304,9.0,Morning
1305,2.0,Early Morning
1306,4.0,Early Morning
1307,9.0,Morning
1308,2.0,Early Morning
1309,2.0,Early Morning
1310,5.0,Early Morning
1311,11.0,Morning
1312,20.0,Evening
1313,22.0,Night
1314,14.0,Afternoon
1315,4.0,Early Morning
1316,1.0,Early Morning
1317,6.0,Morning
1318,16.0,Afternoon
1319,2.0,Early Morning
1320,23.0,Night
1321,10.0,Morning
1322,18.0,Evening
1323,0.0,Early Morning
1324,23.0,Night
1325,9.0,Morning
1326,20.0,Evening
1327,22.0,Night
1328,5.0,Early Morning
1329,1.0,Early Morning
1330,19.0,Evening
1331,8.0,Morning
1332,18.0,Evening
1333,23.0,Night
1334,1.0,Early Morning
1335,4.0,Early Morning
1336,18.0,Evening
1337,1.0,Early Morning
1338,6.0,Morning
1339,2.0,Early Morning
1340,5.0,Early Morning
1341,7.0,Morning
1342,6.0,Morning
1343,5.0,Early Morning
1344,17.0,Afternoon
1345,10.0,Morning
1346,8.0,Morning
1347,0.0,Early Morning
1348,3.0,Early Morning
1349,6.0,Morning
1350,0.0,Early Morning
1351,1.0,Early Morning
1352,5.0,Early Morning
1353,2.0,Early Morning
1354,3.0,Early Morning
1355,9.0,Morning
1356,1.0,Early Morning
1357,4.0,Early Morning
1358,8.0,Morning
1359,4.0,Early Morning
1360,8.0,Morning
1361,2.0,Early Morning
1362,4.0,Early Morning
1363,1.0,Early Morning
1364,3.0,Early Morning
1365,3.0,Early Morning
1366,15.0,Afternoon
1367,11.0,Morning
1368,1.0,Early Morning
1369,5.0,Early Morning
1370,4.0,Early Morning
1371,4.0,Early Morning
1372,3.0,Early Morning
1373,13.0,Afternoon
1374,3.0,Early Morning
1375,3.0,Early Morning
1376,20.0,Evening
1377,0.0,Early Morning
1378,5.0,Early Morning
1379,12.0,Afternoon
1380,20.0,Evening
1381,3.0,Early Morning
1382,13.0,Afternoon
1383,21.0,Night
1384,23.0,Night
1385,3.0,Early Morning
1386,3.0,Early Morning
1387,1.0,Early Morning
1388,22.0,Night
1389,7.0,Morning
1390,3.0,Early Morning
1391,22.0,Night
1392,21.0,Night
1393,9.0,Morning
1394,3.0,Early Morning
1395,0.0,Early Morning
1396,4.0,Early Morning
1397,5.0,Early Morning
1398,9.0,Morning
1399,10.0,Morning
1400,6.0,Morning
1401,22.0,Night
1402,4.0,Early Morning
1403,2.0,Early Morning
1404,18.0,Evening
1405,7.0,Morning
1406,2.0,Early Morning
1407,2.0,Early Morning
1408,3.0,Early Morning
1409,5.0,Early Morning
1410,22.0,Night
1411,19.0,Evening
1412,3.0,Early Morning
1413,23.0,Night
1414,1.0,Early Morning
1415,1.0,Early Morning
1416,4.0,Early Morning
1417,23.0,Night
1418,8.0,Morning
1419,3.0,Early Morning
1420,22.0,Night
1421,6.0,Morning
